"x","value"
"conference",828
"world",444
"will",430
"countries",384
"nations",338
"asia",329
"peoples",317
"peace",300
"africa",266
"asian",231
"bandung",211
"can",183
"one",183
"indonesia",171
"asianafrican",170
"people",167
"may",157
"china",148
"cooperation",145
"new",143
"united",143
"african",139
"great",139
"common",132
"colonialism",127
"problems",126
"economic",125
"also",125
"powers",120
"many",118
"country",115
"international",112
"prime",108
"among",102
"independence",100
"states",99
"fact",98
"government",96
"freedom",94
"political",93
"republic",92
"made",91
"must",89
"war",89
"way",88
"today",85
"first",84
"now",84
"question",81
"time",80
"hope",79
"make",77
"principles",77
"two",77
"relations",76
"however",75
"meeting",74
"even",73
"south",73
"part",72
"together",72
"well",71
"cultural",71
"history",71
"much",71
"say",71
"colombo",69
"western",69
"five",68
"april",67
"human",67
"like",67
"minister",65
"ministers",65
"national",64
"come",64
"affairs",63
"good",63
"peaceful",63
"still",62
"power",62
"west",61
"colonial",60
"communist",59
"important",59
"india",59
"upon",59
"interest",58
"let",58
"another",58
"free",57
"delegates",57
"mutual",55
"pakistan",55
"possible",55
"delegation",55
"afroasian",54
"might",54
"state",54
"mankind",54
"view",53
"support",53
"understanding",53
"invited",52
"place",52
"general",51
"future",50
"long",50
"others",50
"rights",50
"said",50
"without",50
"end",50
"position",49
"right",49
"far",48
"different",48
"president",48
"east",47
"development",46
"policy",46
"japan",45
"desire",44
"foreign",44
"present",44
"take",44
"yet",44
"spirit",44
"friendly",43
"nehru",43
"chinese",43
"shall",43
"coexistence",42
"last",42
"therefore",42
"towards",42
"life",42
"fear",42
"work",42
"tension",42
"past",42
"arab",41
"problem",41
"taken",41
"vietnam",41
"purpose",41
"continents",41
"social",40
"communism",40
"live",40
"participating",40
"racial",40
"security",40
"order",40
"sovereignty",39
"contribution",39
"respect",39
"opinion",39
"every",39
"success",39
"able",39
"struggle",39
"consider",38
"represented",38
"cause",38
"need",38
"issues",38
"imperialism",38
"chou",38
"agreement",37
"clear",37
"efforts",37
"means",37
"purposes",37
"strength",37
"views",37
"full",37
"help",37
"think",37
"nation",37
"importance",37
"years",37
"achieve",36
"burma",36
"governments",36
"america",36
"concern",35
"want",35
"form",35
"force",35
"since",35
"going",35
"weapons",35
"become",34
"better",34
"ceylon",34
"decisions",34
"indonesian",34
"north",34
"sponsoring",34
"know",34
"american",34
"treaty",34
"best",33
"bring",33
"friendship",33
"influence",33
"meet",33
"philippines",33
"basis",33
"bloc",33
"man",33
"perhaps",33
"equality",33
"promotion",32
"already",32
"indeed",32
"principle",32
"leaders",32
"whether",32
"certainly",32
"resolutions",32
"progress",32
"goodwill",31
"bogor",31
"concerned",31
"military",31
"representatives",31
"independent",31
"point",31
"charter",31
"result",31
"see",31
"unity",31
"paper",31
"attend",30
"expressed",30
"geneva",30
"greater",30
"invitation",30
"policies",30
"statement",30
"given",30
"sense",30
"enlai",30
"things",30
"give",30
"differences",30
"days",29
"met",29
"use",29
"times",29
"region",29
"believe",29
"discussions",28
"never",28
"attitude",28
"matter",28
"wish",28
"within",28
"whatever",28
"find",28
"little",28
"discrimination",28
"domination",27
"held",27
"just",27
"large",27
"premier",27
"thailand",27
"main",27
"opportunity",27
"particularly",27
"results",27
"peking",27
"certain",27
"put",27
"danger",27
"racialism",26
"benefit",26
"considered",26
"done",26
"interference",26
"parts",26
"aims",26
"exchange",26
"express",26
"atomic",26
"interests",25
"brought",25
"close",25
"fundamental",25
"moral",25
"whole",25
"hand",25
"race",25
"historic",25
"hopes",25
"delegations",25
"small",25
"promote",24
"agreed",24
"always",24
"area",24
"asians",24
"communique",24
"forces",24
"population",24
"situation",24
"stand",24
"agreements",24
"selfdetermination",24
"action",24
"europe",24
"though",24
"group",24
"men",24
"australia",24
"number",24
"reason",24
"course",24
"voice",24
"chairman",24
"decided",23
"following",23
"half",23
"humanity",23
"indochina",23
"mind",23
"set",23
"ways",23
"communists",23
"decision",23
"members",23
"big",23
"least",23
"red",23
"something",23
"atmosphere",23
"formosa",23
"high",23
"discussed",22
"internal",22
"kind",22
"accepted",22
"points",22
"conferences",22
"thing",22
"next",22
"ever",22
"diversity",22
"trade",22
"ali",21
"day",21
"agenda",21
"less",21
"rest",21
"doubt",21
"came",21
"seato",21
"public",21
"thank",21
"tolerance",21
"integrity",21
"achieved",20
"called",20
"idea",20
"joint",20
"proposed",20
"nuclear",20
"clearly",20
"israel",20
"material",20
"whose",20
"greatest",20
"territorial",20
"various",20
"based",20
"justice",20
"establish",19
"special",19
"destruction",19
"develop",19
"face",19
"indian",19
"issue",19
"parties",19
"solution",19
"spiritual",19
"three",19
"attention",19
"change",19
"questions",19
"terms",19
"including",19
"races",19
"solidarity",19
"white",19
"real",19
"likely",19
"taking",19
"words",19
"especially",19
"look",19
"true",19
"quite",19
"task",19
"control",19
"ago",19
"gentlemen",19
"shown",19
"closer",18
"discuss",18
"due",18
"egypt",18
"faith",18
"friends",18
"host",18
"lead",18
"left",18
"matters",18
"neighbours",18
"organisation",18
"palestine",18
"recently",18
"settlement",18
"similar",18
"statesmen",18
"worlds",18
"effective",18
"expected",18
"vital",18
"fellow",18
"significance",18
"vast",18
"feeling",18
"making",18
"answer",18
"determination",18
"practical",18
"created",18
"experience",18
"play",18
"rather",18
"happy",18
"coming",18
"democratic",18
"enough",18
"second",18
"washington",18
"adopted",18
"press",18
"particular",18
"article",18
"destiny",18
"deliberations",18
"nationality",18
"aid",17
"amongst",17
"determined",17
"djakarta",17
"sastroamidjojo",17
"either",17
"necessary",17
"eastern",17
"living",17
"merely",17
"minds",17
"recent",17
"regard",17
"difficult",17
"probably",17
"seems",17
"threat",17
"thus",17
"british",17
"distinguished",17
"genuine",17
"beginning",17
"back",17
"get",17
"welcome",17
"effect",17
"ones",17
"although",17
"gathering",17
"contacts",17
"often",17
"alone",16
"concluded",16
"mean",16
"outside",16
"stated",16
"successful",16
"thinking",16
"union",16
"fully",16
"subject",16
"role",16
"side",16
"continue",16
"speech",16
"create",16
"britain",16
"cyprus",16
"soviet",16
"thought",16
"deep",16
"assembly",16
"seen",16
"speak",16
"longer",16
"bangkok",16
"science",16
"thanks",16
"event",16
"gathered",16
"ideals",16
"cambodia",15
"continent",15
"cooperate",15
"extent",15
"morocco",15
"opening",15
"promoting",15
"southeast",15
"consideration",15
"irian",15
"week",15
"year",15
"attempt",15
"feel",15
"example",15
"found",15
"occasion",15
"millions",15
"hold",15
"liberty",15
"seven",15
"stage",15
"conditions",15
"culture",15
"period",15
"religions",15
"universal",15
"declaration",15
"advance",14
"approach",14
"centuries",14
"conclusion",14
"forward",14
"france",14
"hoped",14
"issued",14
"john",14
"leading",14
"meetings",14
"name",14
"negotiations",14
"resources",14
"took",14
"tunisia",14
"wellbeing",14
"known",14
"unless",14
"discussion",14
"dulles",14
"nothing",14
"completely",14
"hearts",14
"declared",14
"territory",14
"sure",14
"almost",14
"participants",14
"agree",14
"contrary",14
"usa",14
"strong",14
"field",14
"ideologies",14
"understand",14
"collective",14
"community",14
"used",14
"afghanistan",13
"aim",13
"asked",13
"complete",13
"cordial",13
"council",13
"democracy",13
"individual",13
"sent",13
"accept",13
"behalf",13
"case",13
"disarmament",13
"participate",13
"reached",13
"technical",13
"tensions",13
"unfortunately",13
"instance",13
"language",13
"plan",13
"resolution",13
"talk",13
"prove",13
"serve",13
"sponsors",13
"carry",13
"turn",13
"value",13
"daily",13
"home",13
"sincere",13
"london",13
"passed",13
"says",13
"congress",13
"move",13
"old",13
"deeply",13
"learned",13
"away",13
"unique",13
"evidence",13
"try",13
"activities",13
"aggressive",13
"line",13
"settled",13
"aggression",13
"brothers",13
"existence",13
"modern",13
"religion",13
"won",13
"energy",13
"era",13
"algeria",13
"dual",13
"achievement",13
"bomb",12
"city",12
"felt",12
"fields",12
"fight",12
"finally",12
"holding",12
"laos",12
"larger",12
"premiers",12
"recognition",12
"sir",12
"underdeveloped",12
"concerning",12
"note",12
"regional",12
"status",12
"expect",12
"feelings",12
"korea",12
"secretary",12
"third",12
"unanimity",12
"received",12
"diplomatic",12
"disputes",12
"regarding",12
"socalled",12
"unanimous",12
"behind",12
"hands",12
"forms",12
"greatly",12
"allies",12
"call",12
"york",12
"chinas",12
"ideas",12
"highest",12
"necessity",12
"contribute",12
"middle",12
"propaganda",12
"message",12
"aspirations",12
"realize",12
"keep",12
"seek",12
"historical",12
"existing",12
"achievements",12
"neighbourly",11
"aimed",11
"coast",11
"december",11
"delhi",11
"final",11
"gold",11
"hard",11
"plans",11
"representing",11
"respective",11
"seeking",11
"strengthen",11
"turkey",11
"arrangements",11
"continued",11
"demand",11
"invite",11
"considerable",11
"difficulties",11
"ties",11
"duty",11
"leadership",11
"programme",11
"suffered",11
"coloured",11
"failure",11
"ideological",11
"useful",11
"around",11
"burden",11
"enjoy",11
"european",11
"saying",11
"violence",11
"offer",11
"source",11
"effort",11
"undoubtedly",11
"gave",11
"obviously",11
"moment",11
"places",11
"trying",11
"zealand",11
"preserve",11
"party",11
"system",11
"wars",11
"sympathy",11
"hall",11
"needs",11
"regime",11
"taiwan",11
"lasting",11
"leader",11
"groups",11
"league",11
"act",11
"assembled",11
"colour",11
"god",11
"guided",11
"ladies",11
"religious",11
"sukarno",11
"wisdom",11
"yes",11
"arrive",11
"bringing",11
"enter",11
"concrete",11
"trust",11
"allowed",10
"besides",10
"committed",10
"conflict",10
"declare",10
"degree",10
"depend",10
"economy",10
"events",10
"factor",10
"referred",10
"responsibility",10
"solve",10
"solved",10
"soon",10
"working",10
"acceptance",10
"basic",10
"build",10
"implementation",10
"scope",10
"supported",10
"thermonuclear",10
"generally",10
"major",10
"provide",10
"represent",10
"claim",10
"french",10
"liberation",10
"africans",10
"assistance",10
"convinced",10
"external",10
"head",10
"majority",10
"exploitation",10
"list",10
"pass",10
"welfare",10
"neutral",10
"despite",10
"wishes",10
"information",10
"pressure",10
"recognized",10
"measures",10
"herald",10
"intentions",10
"step",10
"stay",10
"stronger",10
"toward",10
"earth",10
"ground",10
"remember",10
"changes",10
"vietnamese",10
"deal",10
"proof",10
"americans",10
"responsible",10
"choice",10
"romulo",10
"doubts",10
"neither",10
"systems",10
"armed",10
"chiang",10
"organization",10
"alien",10
"bombs",10
"poverty",10
"regret",10
"age",10
"excellency",10
"gratitude",10
"nevertheless",10
"ten",10
"ready",10
"guardian",10
"dependent",10
"maintain",10
"apart",9
"begin",9
"connection",9
"ethiopia",9
"four",9
"hydrogen",9
"invitations",9
"kotelawala",9
"natural",9
"opened",9
"representation",9
"talks",9
"earnest",9
"essential",9
"happiness",9
"membership",9
"regarded",9
"secretariat",9
"light",9
"moscow",9
"objective",9
"official",9
"outcome",9
"decide",9
"exercise",9
"specific",9
"appeal",9
"dominate",9
"freely",9
"instead",9
"months",9
"shape",9
"urge",9
"exert",9
"fruitful",9
"malaya",9
"manila",9
"proved",9
"tremendous",9
"comes",9
"intention",9
"appears",9
"became",9
"increase",9
"exist",9
"serious",9
"challenge",9
"education",9
"objectives",9
"significant",9
"word",9
"character",9
"politics",9
"extremely",9
"philippine",9
"session",9
"territories",9
"throughout",9
"aware",9
"bound",9
"pact",9
"eyes",9
"powerful",9
"direction",9
"easy",9
"evil",9
"firmly",9
"planning",9
"proud",9
"road",9
"sisters",9
"spite",9
"truth",9
"armaments",9
"dominated",9
"ideology",9
"signed",9
"entire",9
"prosperity",9
"values",9
"greetings",9
"conclude",9
"hospitality",9
"share",9
"establishment",9
"accordance",9
"practices",9
"writing",9
"manchester",9
"recommended",9
"grateful",9
"affecting",8
"bear",8
"colonies",8
"expressing",8
"indonesias",8
"liberia",8
"possibility",8
"remains",8
"broad",8
"civilization",8
"immediate",8
"implement",8
"manner",8
"permanent",8
"sphere",8
"actions",8
"anticolonialism",8
"criticism",8
"nonwhite",8
"sentiments",8
"viewed",8
"body",8
"combined",8
"enthusiasm",8
"anxiety",8
"attempts",8
"several",8
"show",8
"standard",8
"succeeded",8
"drawing",8
"included",8
"practice",8
"start",8
"denied",8
"process",8
"rule",8
"suppression",8
"denial",8
"follow",8
"member",8
"lie",8
"hardly",8
"presence",8
"seem",8
"capital",8
"carrying",8
"department",8
"imperialists",8
"send",8
"finding",8
"largely",8
"moslem",8
"giving",8
"prepared",8
"momentous",8
"observers",8
"opinions",8
"realistic",8
"mentioned",8
"destinies",8
"guarantee",8
"established",8
"grant",8
"anticolonial",8
"doctrine",8
"japanese",8
"suspicion",8
"really",8
"century",8
"areas",8
"belief",8
"brotherhood",8
"causes",8
"civilisation",8
"extended",8
"gone",8
"lives",8
"privilege",8
"warm",8
"nearly",8
"technology",8
"total",8
"valuable",8
"caused",8
"conviction",8
"dangerous",8
"love",8
"constitute",8
"directed",8
"restoration",8
"facilities",8
"prohibition",8
"explore",7
"direct",7
"economically",7
"extend",7
"fought",7
"immense",7
"libya",7
"mass",7
"positions",7
"preservation",7
"proposal",7
"proposals",7
"resist",7
"revolution",7
"satisfaction",7
"solutions",7
"standing",7
"subjected",7
"sudan",7
"visit",7
"context",7
"determine",7
"knowledge",7
"object",7
"obligations",7
"respected",7
"depends",7
"document",7
"foster",7
"impact",7
"inviting",7
"masses",7
"prevailing",7
"prevent",7
"recognize",7
"unanimously",7
"forthcoming",7
"willing",7
"geography",7
"instrument",7
"islam",7
"mohammed",7
"outstanding",7
"protection",7
"according",7
"anticommunist",7
"exists",7
"intended",7
"superiority",7
"wholly",7
"conduct",7
"imperialist",7
"measure",7
"normal",7
"selfgovernment",7
"defence",7
"globe",7
"mere",7
"ensure",7
"wide",7
"calling",7
"near",7
"began",7
"blocs",7
"belong",7
"chance",7
"induce",7
"pointed",7
"produce",7
"recall",7
"siam",7
"circles",7
"beyond",7
"date",7
"divided",7
"learn",7
"speeches",7
"involved",7
"nationalism",7
"speaking",7
"carried",7
"divide",7
"excluded",7
"sovereign",7
"experiment",7
"birth",7
"chief",7
"attending",7
"authorities",7
"avoid",7
"camp",7
"encouragement",7
"opposed",7
"admission",7
"oppression",7
"initiative",7
"kaishek",7
"remarkable",7
"command",7
"heavy",7
"opposing",7
"regards",7
"reach",7
"seemed",7
"earlier",7
"reality",7
"win",7
"billion",7
"appreciation",7
"born",7
"condition",7
"confidence",7
"dead",7
"desires",7
"everything",7
"excellencies",7
"fighting",7
"generations",7
"harmony",7
"heritage",7
"honour",7
"hundred",7
"intellectual",7
"labour",7
"masters",7
"million",7
"nature",7
"primary",7
"raised",7
"realise",7
"recognised",7
"responsibilities",7
"skill",7
"went",7
"wherever",7
"allow",7
"balance",7
"furthermore",7
"lost",7
"profound",7
"utmost",7
"produced",7
"anything",7
"fall",7
"arrived",7
"conflicts",7
"dignity",7
"choose",7
"impossible",7
"kingdom",7
"led",7
"segregation",7
"collaboration",7
"maintenance",7
"raise",7
"heads",7
"twentynine",7
"conflicting",7
"positive",7
"editorial",7
"provided",7
"institutions",7
"sunday",7
"signing",7
"sunario",7
"exchanges",7
"patience",7
"agencies",6
"aspects",6
"claims",6
"convening",6
"easily",6
"fate",6
"followed",6
"iraq",6
"pleasant",6
"precisely",6
"realisation",6
"showed",6
"sons",6
"strengthening",6
"subjugation",6
"suggested",6
"using",6
"yemen",6
"acquainted",6
"anothers",6
"available",6
"convene",6
"destructive",6
"implemented",6
"physical",6
"follows",6
"ignored",6
"nationalist",6
"vietminh",6
"bonds",6
"increasing",6
"negative",6
"barriers",6
"creating",6
"faced",6
"formidable",6
"imposed",6
"jakarta",6
"movement",6
"oppressed",6
"placed",6
"reported",6
"dispute",6
"ignore",6
"mention",6
"neighbour",6
"possess",6
"sacrifice",6
"sort",6
"backwardness",6
"developed",6
"dominant",6
"land",6
"later",6
"path",6
"shows",6
"slavery",6
"vague",6
"active",6
"guinea",6
"nehrus",6
"programmes",6
"favourable",6
"opportunities",6
"peaceloving",6
"remarks",6
"sufficient",6
"apparently",6
"guiding",6
"inclined",6
"afford",6
"appear",6
"crisis",6
"defend",6
"interesting",6
"makes",6
"march",6
"open",6
"stock",6
"tribune",6
"ambitions",6
"propose",6
"christian",6
"except",6
"obvious",6
"address",6
"essentially",6
"highly",6
"experienced",6
"participation",6
"proper",6
"continues",6
"personally",6
"aiming",6
"fears",6
"service",6
"stressed",6
"mission",6
"break",6
"elections",6
"inevitable",6
"representative",6
"bases",6
"correspondent",6
"diplomacy",6
"news",6
"wrote",6
"infiltration",6
"mark",6
"noble",6
"oppose",6
"resolved",6
"convey",6
"helped",6
"neutralism",6
"none",6
"prestige",6
"disinterested",6
"emphasis",6
"humility",6
"read",6
"subversion",6
"attain",6
"comfort",6
"dominating",6
"else",6
"everyone",6
"knew",6
"lies",6
"memorable",6
"morality",6
"preserving",6
"pride",6
"sides",6
"steps",6
"thoughts",6
"victims",6
"ages",6
"disaster",6
"elsewhere",6
"suspicions",6
"forget",6
"short",6
"simple",6
"negotiation",6
"permit",6
"putting",6
"rapidly",6
"tragedy",6
"reasons",6
"sitting",6
"add",6
"effectively",6
"reasonably",6
"russia",6
"australian",6
"equal",6
"post",6
"thai",6
"hatred",6
"safeguarding",6
"tangible",6
"promoted",6
"singapore",6
"vietnams",6
"nonwhites",6
"impressive",6
"lerner",6
"cultures",6
"contracting",6
"friendliness",5
"advantage",5
"affect",5
"central",5
"declaring",5
"enable",5
"enormous",5
"gained",5
"grave",5
"informal",5
"iran",5
"jordan",5
"lay",5
"lebanon",5
"machinery",5
"pacts",5
"prevented",5
"realised",5
"reconstruction",5
"refugees",5
"september",5
"speedy",5
"twentyfive",5
"violation",5
"worse",5
"experiments",5
"geographical",5
"growth",5
"include",5
"legitimate",5
"netherlands",5
"planned",5
"procedure",5
"threaten",5
"alignment",5
"apply",5
"ease",5
"facing",5
"ignorance",5
"invitees",5
"knows",5
"realities",5
"suggestions",5
"wrong",5
"considers",5
"laid",5
"truly",5
"brings",5
"busy",5
"combination",5
"happen",5
"indias",5
"pledge",5
"struggling",5
"absolute",5
"advanced",5
"dealt",5
"needed",5
"previous",5
"remain",5
"resistance",5
"threatened",5
"yellow",5
"yoke",5
"arms",5
"assist",5
"commonwealth",5
"domestic",5
"goa",5
"inherent",5
"lands",5
"patterns",5
"regions",5
"sometimes",5
"survey",5
"trusteeship",5
"unrest",5
"afrasian",5
"careful",5
"defense",5
"global",5
"piping",5
"projected",5
"ask",5
"benefits",5
"join",5
"anxious",5
"changing",5
"children",5
"contributed",5
"etc",5
"lest",5
"morning",5
"opposition",5
"revealed",5
"acting",5
"creation",5
"disagreements",5
"famous",5
"function",5
"island",5
"secondly",5
"attached",5
"becoming",5
"biggest",5
"defensive",5
"firm",5
"heart",5
"illusions",5
"lose",5
"secret",5
"sentiment",5
"text",5
"tomorrow",5
"weeks",5
"cases",5
"subjects",5
"virtually",5
"alliance",5
"draw",5
"stubborn",5
"curious",5
"councils",5
"isolation",5
"newspaper",5
"preparations",5
"speedily",5
"assert",5
"beliefs",5
"officials",5
"indonesians",5
"require",5
"enemies",5
"rakjat",5
"sincerely",5
"uno",5
"dutch",5
"fulfilled",5
"meaning",5
"gesture",5
"jawaharlal",5
"levels",5
"peril",5
"prowestern",5
"test",5
"troops",5
"unprecedented",5
"arabs",5
"eight",5
"impression",5
"indirectly",5
"monitor",5
"mood",5
"voiced",5
"welcomed",5
"debates",5
"imagination",5
"moreover",5
"americas",5
"frank",5
"applied",5
"argued",5
"bad",5
"battle",5
"broken",5
"care",5
"content",5
"convened",5
"dare",5
"demonstrate",5
"distant",5
"everywhere",5
"faiths",5
"injustice",5
"sacrifices",5
"secured",5
"society",5
"urgent",5
"achieving",5
"atom",5
"cold",5
"conformity",5
"consequently",5
"differ",5
"dream",5
"equally",5
"figures",5
"gradually",5
"heard",5
"intercourse",5
"jointcommunique",5
"lesson",5
"notice",5
"phenomenon",5
"suffering",5
"willingness",5
"confident",5
"growing",5
"outlook",5
"friend",5
"persons",5
"proclaim",5
"russian",5
"civilizations",5
"mistrust",5
"traditions",5
"demonstration",5
"failed",5
"wanted",5
"constructive",5
"satisfied",5
"epochmaking",5
"art",5
"beautiful",5
"plane",5
"attended",5
"landmark",5
"feels",5
"define",5
"unified",5
"consultation",5
"â€¢",5
"perspective",5
"possibly",5
"addition",5
"evils",5
"origin",5
"acted",5
"appropriate",5
"terrible",5
"homes",5
"raw",5
"commented",5
"newly",5
"personal",5
"thereby",5
"imperative",5
"readiness",5
"strictly",5
"overseas",5
"quarrel",5
"subversive",5
"gain",5
"offered",5
"proceedings",5
"begun",5
"contact",5
"tried",5
"condemned",5
"generous",5
"ability",5
"happened",5
"return",5
"child",5
"provisions",5
"arabia",4
"background",4
"cost",4
"desirability",4
"devoted",4
"disposal",4
"eminent",4
"evident",4
"federation",4
"industrial",4
"jointly",4
"keeping",4
"looked",4
"nepal",4
"offices",4
"original",4
"parliament",4
"plain",4
"possibilities",4
"prepare",4
"prerequisite",4
"production",4
"reiterated",4
"remained",4
"saudi",4
"slogan",4
"sought",4
"submit",4
"successfully",4
"whilst",4
"commission",4
"earnestly",4
"effects",4
"eve",4
"exclusiveness",4
"explosions",4
"imply",4
"involve",4
"latter",4
"namely",4
"personnel",4
"requires",4
"supply",4
"witness",4
"antiimperialism",4
"formation",4
"indicates",4
"item",4
"non",4
"series",4
"simply",4
"slogans",4
"acceptable",4
"formal",4
"foundations",4
"platform",4
"prospects",4
"response",4
"smaller",4
"uncommitted",4
"drew",4
"pakistans",4
"played",4
"sponsored",4
"supporting",4
"told",4
"upheld",4
"black",4
"brown",4
"displayed",4
"ended",4
"exclusive",4
"hence",4
"inevitably",4
"objects",4
"relationship",4
"term",4
"type",4
"administration",4
"army",4
"assume",4
"block",4
"economies",4
"emerge",4
"encouraging",4
"immediately",4
"indigenous",4
"inhabitants",4
"liberties",4
"peacefully",4
"primarily",4
"ruling",4
"stability",4
"subjection",4
"sympathetic",4
"understood",4
"moving",4
"story",4
"strike",4
"suspect",4
"dawn",4
"confer",4
"playing",4
"sydney",4
"telegraph",4
"delay",4
"dictated",4
"sole",4
"account",4
"commitments",4
"evidently",4
"getting",4
"guests",4
"inclusion",4
"interested",4
"nam",4
"precise",4
"rich",4
"scene",4
"viet",4
"watching",4
"assumed",4
"cordiality",4
"foundation",4
"java",4
"started",4
"supposed",4
"dont",4
"hamper",4
"ambitious",4
"capitals",4
"closely",4
"colony",4
"foremost",4
"massive",4
"paris",4
"relaxing",4
"render",4
"running",4
"statements",4
"thirty",4
"treated",4
"africanasian",4
"amount",4
"scale",4
"star",4
"hopeful",4
"maximum",4
"passive",4
"asias",4
"directly",4
"enjoyed",4
"exchanging",4
"fortunate",4
"hosts",4
"spokesmen",4
"warning",4
"february",4
"house",4
"suppressed",4
"tion",4
"tries",4
"affected",4
"comments",4
"easing",4
"frankly",4
"irrespective",4
"judging",4
"lend",4
"adds",4
"distinction",4
"egyptian",4
"entirely",4
"todays",4
"unifying",4
"convocation",4
"diplomats",4
"economical",4
"ambassador",4
"considering",4
"wider",4
"naturally",4
"harian",4
"headed",4
"reception",4
"sections",4
"widely",4
"authority",4
"atlantic",4
"establishing",4
"neutrality",4
"everybody",4
"neutralist",4
"philosophy",4
"turned",4
"along",4
"local",4
"observer",4
"six",4
"attained",4
"dealing",4
"export",4
"added",4
"ahead",4
"air",4
"alive",4
"analysis",4
"appreciate",4
"backed",4
"blessing",4
"building",4
"chances",4
"con",4
"death",4
"driven",4
"dynamic",4
"extension",4
"fresh",4
"impress",4
"letter",4
"listened",4
"manifestation",4
"mediterranean",4
"miles",4
"mine",4
"picture",4
"poor",4
"precious",4
"project",4
"purely",4
"roots",4
"sea",4
"seeks",4
"statesmanship",4
"succeed",4
"sun",4
"survival",4
"thousands",4
"unfree",4
"units",4
"usually",4
"variety",4
"voices",4
"antiwhite",4
"armament",4
"attitudes",4
"awakening",4
"civilisations",4
"closing",4
"eliminate",4
"endeavour",4
"expectations",4
"expression",4
"former",4
"fruits",4
"messages",4
"noninterference",4
"notwithstanding",4
"sincerity",4
"strongly",4
"visitors",4
"wholeheartedly",4
"ceased",4
"hero",4
"rise",4
"unite",4
"dangers",4
"actually",4
"happens",4
"hate",4
"secure",4
"worth",4
"capacity",4
"ideal",4
"offers",4
"practicable",4
"stands",4
"theory",4
"weak",4
"apartheid",4
"described",4
"elimination",4
"intervention",4
"practised",4
"reduction",4
"repeat",4
"stop",4
"treatment",4
"individuals",4
"divergent",4
"cradle",4
"infinite",4
"renaissance",4
"request",4
"closed",4
"colonialists",4
"maintained",4
"pravda",4
"roberts",4
"rules",4
"facts",4
"widening",4
"settle",4
"abstention",4
"collectively",4
"nonaggression",4
"singly",4
"leave",4
"notably",4
"humble",4
"moderate",4
"honourable",4
"credit",4
"program",4
"indochinese",4
"dragged",4
"recommendations",4
"believed",4
"seriously",4
"ratification",4
"accorded",4
"whites",4
"memories",4
"mighty",4
"count",4
"congratulations",4
"condemnation",4
"published",4
"conscious",4
"enabled",4
"max",4
"prevailed",4
"adopt",4
"bilateral",4
"forth",4
"study",4
"urged",4
"committees",4
"rapporteur",4
"quarrels",4
"wronged",4
"fell",4
"affirmed",3
"assured",3
"bulletin",3
"burmese",3
"convince",3
"desirable",3
"early",3
"endanger",3
"eventually",3
"exchanged",3
"favoured",3
"interfere",3
"month",3
"mountain",3
"politicians",3
"principally",3
"strive",3
"suggestion",3
"syria",3
"town",3
"visited",3
"welcoming",3
"actuated",3
"conducted",3
"experts",3
"farreaching",3
"hinder",3
"level",3
"requested",3
"urgently",3
"variations",3
"answers",3
"denominators",3
"encourage",3
"paragraph",3
"search",3
"unimportant",3
"afroasia",3
"awareness",3
"bona",3
"ference",3
"forming",3
"versa",3
"vice",3
"applause",3
"customs",3
"karachi",3
"likewise",3
"logic",3
"single",3
"belittle",3
"characteristics",3
"conducive",3
"conferring",3
"emergence",3
"explanation",3
"frontiers",3
"loose",3
"perfect",3
"persuasion",3
"pretending",3
"proposition",3
"arbitrarily",3
"arisen",3
"built",3
"convenient",3
"defined",3
"exploiting",3
"increased",3
"january",3
"mans",3
"minority",3
"mostly",3
"overcome",3
"privileges",3
"profits",3
"progressive",3
"report",3
"ruthless",3
"skills",3
"speed",3
"transfer",3
"varied",3
"blow",3
"earn",3
"strip",3
"sympathies",3
"australias",3
"nationhood",3
"persuaded",3
"hatreds",3
"saw",3
"tradition",3
"unexpected",3
"upsurge",3
"goals",3
"lately",3
"loyalty",3
"phrase",3
"staff",3
"surprising",3
"arguments",3
"arise",3
"complicated",3
"discussing",3
"mohammad",3
"realization",3
"relaxation",3
"reserved",3
"suitable",3
"unification",3
"viewpoints",3
"awakened",3
"counter",3
"obligation",3
"wich",3
"confined",3
"confusion",3
"defensible",3
"denominator",3
"elected",3
"judged",3
"judgment",3
"mainly",3
"nationalists",3
"noninvited",3
"prevents",3
"reads",3
"setting",3
"understandable",3
"unites",3
"unwilling",3
"venture",3
"walter",3
"declarations",3
"driving",3
"fallen",3
"overlooked",3
"qualities",3
"wonderful",3
"fault",3
"inadequate",3
"preclude",3
"anywhere",3
"revolutionary",3
"controversial",3
"got",3
"calls",3
"decade",3
"praise",3
"principal",3
"puppets",3
"reaction",3
"reflect",3
"standpoint",3
"topic",3
"concluding",3
"continuing",3
"declares",3
"departure",3
"freed",3
"goes",3
"nasser",3
"organised",3
"trend",3
"universally",3
"comment",3
"design",3
"influences",3
"looks",3
"spread",3
"therein",3
"appointment",3
"fortunately",3
"pleasure",3
"required",3
"election",3
"firstly",3
"insistence",3
"neighboring",3
"organize",3
"reciprocal",3
"socialist",3
"talked",3
"ultimately",3
"foreigners",3
"horizon",3
"hostile",3
"independently",3
"maintaining",3
"menace",3
"refused",3
"resolutely",3
"vigilance",3
"circumstances",3
"lesser",3
"oriental",3
"formed",3
"nato",3
"noncommunist",3
"self",3
"weakness",3
"berlin",3
"boycott",3
"enlais",3
"meaningless",3
"notion",3
"seized",3
"sin",3
"southern",3
"thailands",3
"tide",3
"turks",3
"william",3
"aloof",3
"boston",3
"delegate",3
"eager",3
"heading",3
"preliminary",3
"brief",3
"clique",3
"compelled",3
"kept",3
"key",3
"supposedly",3
"combat",3
"fit",3
"investment",3
"rising",3
"students",3
"widespread",3
"abroad",3
"activity",3
"actual",3
"backgrounds",3
"battlefield",3
"beg",3
"bitter",3
"burdens",3
"canal",3
"changed",3
"concepts",3
"confine",3
"confronted",3
"consciousness",3
"contains",3
"conventional",3
"courage",3
"creeds",3
"developments",3
"discovered",3
"distance",3
"dreams",3
"duties",3
"echo",3
"emotion",3
"ending",3
"enemy",3
"eradicated",3
"evermore",3
"favour",3
"followers",3
"food",3
"fulfil",3
"guidance",3
"harm",3
"inspiration",3
"leaves",3
"lifeline",3
"lightly",3
"outbreak",3
"pancha",3
"practically",3
"practise",3
"pray",3
"presented",3
"prosper",3
"protect",3
"protest",3
"ranks",3
"recognise",3
"relatively",3
"responded",3
"sad",3
"safeguarded",3
"safety",3
"scientific",3
"shaking",3
"skins",3
"stature",3
"succeeds",3
"suez",3
"suffer",3
"threats",3
"tolerant",3
"truths",3
"twentieth",3
"ultimate",3
"adequate",3
"advancement",3
"alternative",3
"altogether",3
"aspect",3
"conception",3
"consequences",3
"cover",3
"disguise",3
"dreamed",3
"extending",3
"factories",3
"honoured",3
"illusion",3
"impasse",3
"imposing",3
"liquidation",3
"movements",3
"obstacle",3
"presidents",3
"rid",3
"semicolonial",3
"shadow",3
"shooting",3
"solid",3
"soul",3
"stating",3
"stress",3
"threshold",3
"tragic",3
"twothirds",3
"uneasy",3
"unrealistic",3
"discord",3
"guest",3
"hear",3
"portent",3
"chiefly",3
"exploited",3
"expresses",3
"gives",3
"unarmed",3
"undertakings",3
"weight",3
"application",3
"capable",3
"doors",3
"feature",3
"framework",3
"helping",3
"hitherto",3
"ill",3
"personality",3
"possessed",3
"safeguard",3
"settlements",3
"settling",3
"sing",3
"solemnly",3
"traditional",3
"whereby",3
"adherence",3
"desperate",3
"emphasize",3
"ends",3
"entitled",3
"pressing",3
"regrettable",3
"seats",3
"uses",3
"disastrous",3
"fail",3
"marked",3
"nkrumah",3
"seeds",3
"allah",3
"elements",3
"higher",3
"holy",3
"prejudice",3
"realism",3
"confronting",3
"languages",3
"neighbouring",3
"edifice",3
"intelligence",3
"owing",3
"parcel",3
"symbolic",3
"forwards",3
"joined",3
"measured",3
"wreck",3
"appreciated",3
"acquired",3
"easier",3
"offset",3
"divergence",3
"resentment",3
"trouble",3
"wholesale",3
"formulate",3
"attempting",3
"openly",3
"opens",3
"reflects",3
"abdul",3
"apparent",3
"otherwise",3
"pence",3
"pending",3
"theme",3
"accomplished",3
"compromise",3
"obstacles",3
"regardless",3
"sacred",3
"contained",3
"believes",3
"lessening",3
"menacing",3
"referring",3
"thirdly",3
"admitted",3
"detailed",3
"disease",3
"diversities",3
"exercised",3
"factors",3
"improvement",3
"forced",3
"industry",3
"russias",3
"superior",3
"autonomy",3
"commodity",3
"protracted",3
"retreat",3
"sick",3
"waged",3
"excellent",3
"merdeka",3
"sow",3
"articles",3
"becomes",3
"correct",3
"organise",3
"tactics",3
"urgency",3
"expects",3
"frankness",3
"materials",3
"paid",3
"attainment",3
"facilitate",3
"reaching",3
"viewpoint",3
"invasion",3
"prevail",3
"righteousness",3
"previously",3
"backward",3
"compared",3
"yesterday",3
"autonomous",3
"catholics",3
"minorities",3
"restoring",3
"submitted",3
"kinds",3
"sufferings",3
"columnist",3
"durdin",3
"save",3
"worker",3
"implementing",3
"abovementioned",3
"plenipotentiaries",3
"ancient",3
"brilliant",3
"continuance",3
"endeavoured",3
"enslaving",3
"extensive",3
"prospect",3
"provision",3
"strangulation",3
"civilised",3
"fairness",3
"freedomloving",3
"owe",3
"attacks",3
"tell",3
"economist",3
"empire",3
"reduced",3
"republics",3
"sign",3
"solving",3
"necessarily",3
"formulation",3
"lines",3
"wan",3
"caught",3
"drawn",3
"eisenhower",3
"moderation",3
"organisations",3
"speakers",3
"retrospect",3
"arising",3
"employed",3
"encouraged",3
"eradicate",3
"forums",3
"manifestations",3
"relating",3
"shipping",3
"continuously",3
"indebted",3
"addresses",3
"sit",3
"preventing",3
"sessions",3
"highness",3
"royal",3
"approaches",3
"goodbye",3
"inspired",3
"anybody",3
"chapter",3
"europes",3
"represents",3
"shackles",3
"till",3
"wrestled",3
"everlasting",3
"irreconcilable",3
"leaving",3
"westirian",3
"wise",3
"conscience",3
"courtesy",3
"intangible",3
"allegiance",3
"singular",3
"consular",3
"evening",3
"addressing",2
"crossroads",2
"crying",2
"deplored",2
"explained",2
"fairs",2
"fates",2
"fitting",2
"fixed",2
"grew",2
"helpful",2
"implements",2
"intervened",2
"looking",2
"marching",2
"multitude",2
"newlyborn",2
"participated",2
"preparation",2
"prior",2
"pushed",2
"ran",2
"regretted",2
"returning",2
"separated",2
"sila",2
"strangers",2
"termination",2
"visits",2
"binding",2
"borne",2
"cessation",2
"committee",2
"implied",2
"potential",2
"reopen",2
"twenty",2
"wealth",2
"wished",2
"ambiguous",2
"developing",2
"emerged",2
"fundamentally",2
"gordon",2
"highlights",2
"psychological",2
"reasoning",2
"resulting",2
"somewhat",2
"unify",2
"blind",2
"cohesive",2
"covering",2
"invariably",2
"moderating",2
"regular",2
"spokesman",2
"worthy",2
"abandoned",2
"audience",2
"bold",2
"bondage",2
"consistently",2
"die",2
"endorsement",2
"enviable",2
"evoked",2
"islamic",2
"missed",2
"reduce",2
"reference",2
"securing",2
"thwarted",2
"uphold",2
"vigour",2
"abide",2
"absurd",2
"across",2
"afro",2
"afroasianism",2
"attempted",2
"cognizance",2
"complex",2
"comprising",2
"confession",2
"considerably",2
"contemplated",2
"damaging",2
"exceptions",2
"exclusively",2
"existlast",2
"forgotten",2
"gather",2
"inferiority",2
"inside",2
"kashmir",2
"moves",2
"offend",2
"passage",2
"respectivestateshow",2
"suggest",2
"susceptibilities",2
"unshakable",2
"vestiges",2
"worldpeace",2
"worst",2
"abhor",2
"accelerated",2
"acknowledged",2
"arrangement",2
"civil",2
"colored",2
"concept",2
"deliberate",2
"enslavement",2
"indifferent",2
"insecurity",2
"nationals",2
"operated",2
"pace",2
"partnership",2
"satellite",2
"scarce",2
"skilled",2
"threatens",2
"transferred",2
"translated",2
"anomalous",2
"approval",2
"boundaries",2
"comprises",2
"decent",2
"indivisible",2
"latest",2
"penetrate",2
"ussr",2
"bloodshed",2
"instrumental",2
"reciprocity",2
"aside",2
"beaten",2
"disappointing",2
"happier",2
"northern",2
"parleys",2
"australians",2
"ample",2
"assurance",2
"cloud",2
"commissions",2
"demands",2
"emphasizes",2
"equipped",2
"heterogeneous",2
"impressions",2
"judge",2
"motivated",2
"phrases",2
"politically",2
"timely",2
"visiting",2
"widest",2
"approved",2
"authorized",2
"bearing",2
"decidedly",2
"desert",2
"increasingly",2
"jewish",2
"miss",2
"permitted",2
"summer",2
"table",2
"deputy",2
"emissaries",2
"impose",2
"limit",2
"teaparty",2
"touch",2
"acts",2
"airmen",2
"assemblies",2
"chose",2
"chosen",2
"contradictory",2
"deadline",2
"deadlock",2
"decisive",2
"fixing",2
"generation",2
"german",2
"giant",2
"intends",2
"isolated",2
"judges",2
"odds",2
"onc",2
"returned",2
"seeing",2
"swift",2
"tactic",2
"touching",2
"visible",2
"asiatic",2
"barely",2
"belongs",2
"chorus",2
"identity",2
"israels",2
"questioned",2
"reports",2
"resounding",2
"runs",2
"spend",2
"substantial",2
"unreality",2
"wont",2
"arca",2
"assumption",2
"commend",2
"hostility",2
"troubled",2
"carth",2
"current",2
"exception",2
"goods",2
"grievances",2
"job",2
"negro",2
"proclaimed",2
"stages",2
"suggesting",2
"tutelage",2
"aligned",2
"associating",2
"exactly",2
"fitted",2
"ment",2
"presently",2
"surprised",2
"caution",2
"confab",2
"dong",2
"forum",2
"lippman",2
"organ",2
"outlet",2
"popular",2
"promoters",2
"relax",2
"revision",2
"sets",2
"sway",2
"unequivocal",2
"writer",2
"abdel",2
"curse",2
"defending",2
"desirous",2
"dispose",2
"asiaafrican",2
"cairo",2
"clarity",2
"conversations",2
"cut",2
"neutrals",2
"summed",2
"winning",2
"constantly",2
"diplomat",2
"holds",2
"legislature",2
"office",2
"protocol",2
"rank",2
"vicepresident",2
"absent",2
"cabinet",2
"denounce",2
"faces",2
"hatoyama",2
"japans",2
"letters",2
"presents",2
"shigemitsu",2
"bogey",2
"commenting",2
"frustrate",2
"influential",2
"intensified",2
"intrigues",2
"londons",2
"provocative",2
"refuse",2
"satisfactorily",2
"stood",2
"tour",2
"uniting",2
"warmly",2
"weaken",2
"writes",2
"â€œthe",2
"aroused",2
"limelight",2
"offensive",2
"vote",2
"warfare",2
"assertion",2
"comparison",2
"expansion",2
"fragile",2
"ordinary",2
"placing",2
"replacement",2
"russians",2
"accepting",2
"affair",2
"afroasians",2
"counterbalancing",2
"eden",2
"egypts",2
"eleven",2
"envisaged",2
"favor",2
"filipinos",2
"handling",2
"late",2
"marchuk",2
"monroe",2
"pvt",2
"reds",2
"reinforce",2
"thais",2
"truce",2
"understands",2
"undertaking",2
"unfortunate",2
"victory",2
"virulent",2
"vorkuta",2
"cool",2
"dissatisfaction",2
"fiddle",2
"hassouna",2
"highsounding",2
"incidentally",2
"lack",2
"misgivings",2
"moroccan",2
"quarters",2
"tunisian",2
"wants",2
"bankruptcy",2
"compare",2
"composed",2
"despised",2
"enlist",2
"fashioned",2
"fide",2
"francisco",2
"manufactured",2
"miserable",2
"nightmare",2
"san",2
"serves",2
"somehow",2
"agricultural",2
"bulwark",2
"educational",2
"extinguish",2
"familiar",2
"glittering",2
"knowhow",2
"master",2
"operation",2
"outward",2
"pressures",2
"reading",2
"rigorously",2
"sees",2
"selfish",2
"societies",2
"specify",2
"strait",2
"surface",2
"throw",2
"utterly",2
"asiaafrica",2
"assure",2
"bid",2
"birthplaces",2
"bodies",2
"breathe",2
"buddhism",2
"cannon",2
"capitalism",2
"clash",2
"classic",2
"club",2
"code",2
"colours",2
"conflagration",2
"considerations",2
"contrast",2
"controlling",2
"dangerously",2
"decades",2
"defiance",2
"demanded",2
"destroy",2
"detestation",2
"discharged",2
"dynamism",2
"eighty",2
"england",2
"envoys",2
"ethical",2
"ethics",2
"ethnic",2
"filled",2
"forbearance",2
"forefathers",2
"frequently",2
"glorious",2
"grind",2
"hardwon",2
"horror",2
"innumerable",2
"intercontinental",2
"interdependence",2
"laissez",2
"lifeblood",2
"losing",2
"marks",2
"mental",2
"midnight",2
"misguided",2
"mobilise",2
"mobilised",2
"motives",2
"motto",2
"nay",2
"negligible",2
"obsolete",2
"oceans",2
"originating",2
"paramount",2
"paved",2
"pillar",2
"pooled",2
"potentiality",2
"price",2
"raison",2
"reborn",2
"release",2
"restrain",2
"ruthlessness",2
"sake",2
"shortcomings",2
"sleep",2
"sound",2
"splendid",2
"spoke",2
"spreading",2
"stick",2
"swept",2
"thrown",2
"tools",2
"travel",2
"tribulations",2
"unborn",2
"unchained",2
"unhappy",2
"voiceless",2
"walk",2
"water",2
"abhorrence",2
"abilities",2
"accepts",2
"anymore",2
"befitting",2
"beneficial",2
"brotherly",2
"buildingup",2
"chains",2
"controversy",2
"corners",2
"dark",2
"daydreamers",2
"debarred",2
"destroyed",2
"devise",2
"discover",2
"dominates",2
"eagerly",2
"eliminating",2
"entrusted",2
"entry",2
"equipment",2
"excolonial",2
"false",2
"formulated",2
"frightening",2
"genius",2
"highnesses",2
"horrors",2
"hot",2
"implies",2
"indulgence",2
"inexhaustible",2
"insurmountable",2
"labours",2
"lessons",2
"limited",2
"logical",2
"meanwhile",2
"minimum",2
"nobody",2
"optimism",2
"overnight",2
"precarious",2
"presentday",2
"quarter",2
"quote",2
"rates",2
"requirements",2
"resurgence",2
"rightly",2
"roof",2
"salutary",2
"satisfactory",2
"sentence",2
"shift",2
"sources",2
"speculations",2
"spoken",2
"stockpiling",2
"substance",2
"utterances",2
"voicing",2
"wake",2
"wishful",2
"witnessed",2
"beaches",2
"monday",2
"rizal",2
"sister",2
"tears",2
"timebomb",2
"affection",2
"borders",2
"counterbalance",2
"anticommunists",2
"awaited",2
"beings",2
"charm",2
"disturbing",2
"dwell",2
"fervent",2
"listen",2
"offering",2
"opposite",2
"origins",2
"overlook",2
"species",2
"contributing",2
"finds",2
"fullest",2
"requests",2
"shila",2
"trial",2
"annihilation",2
"averted",2
"camps",2
"consent",2
"deadly",2
"laboured",2
"methods",2
"preserved",2
"resolve",2
"resort",2
"salvation",2
"tasks",2
"unable",2
"veto",2
"vivid",2
"whereof",2
"awake",2
"combine",2
"commit",2
"creates",2
"flagrant",2
"fulfilment",2
"generosity",2
"harmful",2
"helpless",2
"improving",2
"inflicted",2
"initiated",2
"innocent",2
"involves",2
"jurisdiction",2
"law",2
"laws",2
"limitation",2
"massdestructive",2
"painful",2
"refrain",2
"regulation",2
"remaining",2
"stem",2
"translate",2
"untold",2
"witnessing",2
"announcement",2
"countless",2
"pledged",2
"transitional",2
"clean",2
"efficiency",2
"embody",2
"inspire",2
"integrate",2
"koran",2
"modest",2
"outworn",2
"recognizing",2
"serving",2
"sight",2
"surely",2
"verse",2
"cherish",2
"colonialist",2
"fanaticism",2
"intimately",2
"loyal",2
"receive",2
"beacon",2
"constant",2
"contemporary",2
"entering",2
"honorable",2
"property",2
"selfhelp",2
"solely",2
"separate",2
"alleged",2
"edition",2
"english",2
"extreme",2
"neglect",2
"weapon",2
"alike",2
"campaign",2
"conclusions",2
"critics",2
"hospitable",2
"misunderstanding",2
"nonalignment",2
"vigorous",2
"dislike",2
"mirror",2
"regimentation",2
"subsequent",2
"underlying",2
"unnecessary",2
"buy",2
"divert",2
"evatt",2
"plenty",2
"associated",2
"chalmers",2
"enslaver",2
"favoring",2
"named",2
"palpably",2
"radio",2
"carly",2
"cease",2
"economie",2
"plus",2
"prominent",2
"smoothly",2
"vitally",2
"ills",2
"slightest",2
"uncertain",2
"deprived",2
"division",2
"freedoms",2
"impede",2
"numerous",2
"observing",2
"concord",2
"continental",2
"creed",2
"enhancement",2
"evolve",2
"healthy",2
"import",2
"objectivity",2
"orderly",2
"proffer",2
"underprivileged",2
"alas",2
"derived",2
"realized",2
"reconsider",2
"rightful",2
"widen",2
"arbitration",2
"eligible",2
"indicate",2
"insidious",2
"misled",2
"nonpermanent",2
"pillars",2
"removed",2
"advances",2
"avert",2
"business",2
"condemning",2
"diversify",2
"epoch",2
"market",2
"narrow",2
"paying",2
"regain",2
"relevant",2
"selfrespect",2
"sober",2
"asset",2
"blood",2
"centurys",2
"concentration",2
"framed",2
"riches",2
"room",2
"seat",2
"sublime",2
"tunis",2
"initiator",2
"remnants",2
"shoulders",2
"smoothen",2
"blitz",2
"oil",2
"repeatedly",2
"statesman",2
"carlos",2
"gen",2
"greeting",2
"waystation",2
"concedes",2
"confused",2
"definite",2
"doubtless",2
"horse",2
"abolition",2
"answered",2
"landlocked",2
"privations",2
"studies",2
"undertaken",2
"ardent",2
"countrymen",2
"enrich",2
"flourish",2
"goal",2
"provisional",2
"research",2
"teach",2
"cherished",2
"cleared",2
"glad",2
"hunger",2
"standards",2
"czechoslovakia",2
"existed",2
"hesitation",2
"convert",2
"courses",2
"improved",2
"organizations",2
"proves",2
"residing",2
"appeared",2
"deliberation",2
"hide",2
"moslems",2
"whatsoever",2
"antiinternational",2
"inalienable",2
"obtained",2
"parallel",2
"personalities",2
"properties",2
"quickly",2
"supporters",2
"viz",2
"apologists",2
"association",2
"constituted",2
"disagreement",2
"diverse",2
"eloquence",2
"happening",2
"longterm",2
"papers",2
"swing",2
"viewing",2
"weekend",2
"ceremony",2
"furthering",2
"providing",2
"residence",2
"sunarjo",2
"instruments",2
"aforesaid",2
"aggressors",2
"armistice",2
"battlefields",2
"behindthescenes",2
"bloody",2
"cannonfodder",2
"comple",2
"consolidating",2
"consultative",2
"correctly",2
"devilish",2
"embargo",2
"energetically",2
"enforced",2
"enslave",2
"entered",2
"imprint",2
"independece",2
"isidentical",2
"july",2
"kenya",2
"manoeuvres",2
"mobilize",2
"outhorities",2
"overall",2
"peacefull",2
"potentiatlities",2
"provoked",2
"recover",2
"regrouping",2
"restore",2
"rubberplantations",2
"sabotaging",2
"scheme",2
"schemes",2
"soils",2
"soldiers",2
"thoroughly",2
"troubling",2
"vested",2
"withdrawal",2
"youth",2
"zones",2
"allotted",2
"choosing",2
"gross",2
"miniature",2
"occur",2
"persuade",2
"quiet",2
"reactionary",2
"services",2
"utter",2
"check",2
"exclusion",2
"attack",2
"boat",2
"greece",2
"remembered",2
"wiped",2
"front",2
"min",2
"semarang",2
"triumph",2
"asserted",2
"cruel",2
"disappointed",2
"noncommunists",2
"pose",2
"strasbourg",2
"unrivalled",2
"usual",2
"neighbourliness",2
"congratulate",2
"dying",2
"greek",2
"includes",2
"postponed",2
"recourse",2
"relief",2
"asking",2
"reject",2
"semipermanent",2
"wind",2
"behaviour",2
"cheer",2
"chous",2
"denunciation",2
"drama",2
"exploit",2
"interpretation",2
"monopoly",2
"munists",2
"patient",2
"references",2
"semicolonies",2
"tactical",2
"unlikely",2
"approached",2
"asks",2
"claimed",2
"communications",2
"decline",2
"demonstrated",2
"dollar",2
"dramatic",2
"europeans",2
"hearing",2
"indictment",2
"marking",2
"nassersukarno",2
"odd",2
"perspectives",2
"reasonable",2
"straightforward",2
"surprise",2
"themes",2
"turnabout",2
"federal",2
"governing",2
"properly",2
"served",2
"agency",2
"ageold",2
"animated",2
"appealed",2
"conciliation",2
"distribution",2
"enriched",2
"experimentation",2
"feasible",2
"freight",2
"fuller",2
"interdependent",2
"intraregional",2
"manufacture",2
"multilateral",2
"precluded",2
"pursuing",2
"qualified",2
"reaffirmed",2
"renew",2
"reviewed",2
"risks",2
"stabilizing",2
"training",2
"transit",2
"types",2
"ventures",2
"disagreed",2
"restricted",2
"crowds",2
"dispelled",2
"externally",2
"guarantees",2
"mould",2
"streets",2
"negotiate",2
"militarily",2
"noexistence",2
"prefer",2
"raya",2
"seemingly",2
"adam",2
"concludes",2
"gatherings",2
"genuinely",2
"signs",2
"troubles",2
"heartfelt",2
"touched",2
"beset",2
"farewell",2
"impressed",2
"prince",2
"record",2
"refer",2
"ably",2
"health",2
"aggressiveness",2
"compulsion",2
"creditable",2
"dictation",2
"fatigue",2
"galleys",2
"grow",2
"mistakes",2
"tied",2
"tolerated",2
"yesmen",2
"items",2
"pessimistic",2
"satisfying",2
"successes",2
"concessions",2
"emancipation",2
"publicity",2
"rejoicing",2
"undue",2
"characterised",2
"kindness",2
"supports",2
"contributions",2
"gratified",2
"phase",2
"steering",2
"warmhearted",2
"thankfulness",2
"emanating",2
"epochal",2
"peculiar",2
"accords",2
"admiration",2
"arranging",2
"defining",2
"shaping",2
"tranquility",2
"assess",2
"observed",2
"sion",2
"vitality",2
"organizing",2
"sudanese",2
"miracle",2
"recommendation",2
"teachers",2
"affirmation",2
"aspiration",2
"observe",2
"channels",2
"muhammad",2
"naim",2
"sardar",2
"alliances",2
"category",2
"ceylons",2
"definition",2
"trends",2
"convention",2
"congressman",2
"powell",2
"feudal",2
"advisable",1
"alley",1
"asianafricanconference",1
"commion",1
"concurrently",1
"cosponsoring",1
"daughters",1
"dearest",1
"detailing",1
"expand",1
"expanded",1
"explored",1
"followsâ€œ",1
"indo",1
"irrevocably",1
"kandy",1
"manilathere",1
"mect",1
"mortgage",1
"nationsmuch",1
"nol",1
"ofasia",1
"oncecolonised",1
"outlined",1
"pantja",1
"patternwe",1
"paving",1
"peacehumanity",1
"preferably",1
"radiobroadeast",1
"rangoon",1
"relationsâ ",1
"rests",1
"resume",1
"shirk",1
"spent",1
"utilisation",1
"variously",1
"wasalso",1
"weekthis",1
"aprilthe",1
"briefly",1
"cach",1
"clarification",1
"conferencethe",1
"consequential",1
"damage",1
"delegationthe",1
"desired",1
"engage",1
"experimental",1
"gratification",1
"hostilities",1
"mattersthe",1
"mineral",1
"ministerial",1
"minor",1
"modifications",1
"relationsâ b",1
"review",1
"solemn",1
"sponsorship",1
"subsoil",1
"surveys",1
"thismatter",1
"unascertained",1
"utilization",1
"vietnamnorth",1
"â d",1
"answering",1
"anticipate",1
"asiathere",1
"chinathe",1
"communication",1
"concerns",1
"conferencein",1
"contain",1
"deviate",1
"djojos",1
"editor",1
"envisage",1
"fivepower",1
"fã¶ster",1
"inswhat",1
"israelwhether",1
"koreaas",1
"minimized",1
"monopolized",1
"nationssome",1
"politicsno",1
"positively",1
"presumption",1
"procommunist",1
"reply",1
"sastroamb",1
"vietnamthat",1
"washingtonthis",1
"whatthe",1
"whereas",1
"worldsince",1
"accomplishes",1
"confound",1
"consultations",1
"contsructive",1
"deciding",1
"fides",1
"machinerary",1
"preponderance",1
"rearer",1
"restraining",1
"reveal",1
"sceptisc",1
"sufficiently",1
"commands",1
"earned",1
"enhancesphere",1
"enlisting",1
"fails",1
"fivepoint",1
"fledged",1
"fore",1
"forfeited",1
"ides",1
"indonesiawhen",1
"muslims",1
"nehruchou",1
"ovation",1
"overwhelming",1
"participationpakistan",1
"pause",1
"peacepakistan",1
"performance",1
"plea",1
"prayers",1
"spontaneous",1
"stirring",1
"strugglepakistans",1
"transcend",1
"adhered",1
"bea",1
"behold",1
"bharat",1
"colonialismd",1
"communismwac",1
"cult",1
"deals",1
"decisionsand",1
"deteriorated",1
"disclosed",1
"discovery",1
"emphatically",1
"ferring",1
"flourishing",1
"fostered",1
"functions",1
"groan",1
"institution",1
"magnified",1
"majoritys",1
"misnomer",1
"mobilising",1
"obtain",1
"periodical",1
"pigmented",1
"pretence",1
"problematical",1
"proportions",1
"rearing",1
"relationsb",1
"representedc",1
"revelation",1
"revived",1
"standsdawn",1
"stricly",1
"subdivision",1
"surrender",1
"surrenderand",1
"thejakarta",1
"transplant",1
"ugly",1
"underlies",1
"unsatisfactory",1
"administrators",1
"alljana",1
"aou",1
"cohesion",1
"colomba",1
"coloniallism",1
"degrading",1
"depths",1
"dismiss",1
"domains",1
"erupted",1
"europeaction",1
"excited",1
"formula",1
"freedomthe",1
"glaring",1
"guiana",1
"harsh",1
"hears",1
"hã¤ministrative",1
"imperial",1
"imperialisms",1
"induced",1
"ineffective",1
"irrelevant",1
"jana",1
"largest",1
"majorities",1
"melancholy",1
"microscopic",1
"older",1
"onionial",1
"overlords",1
"platitudinous",1
"powerthose",1
"regi",1
"risksunless",1
"rulers",1
"selfdeterminationthe",1
"settlers",1
"shrinking",1
"simmering",1
"soften",1
"solicitude",1
"sovietised",1
"springs",1
"survive",1
"sympatheticallyafrica",1
"talentswhether",1
"themselvesand",1
"tortuous",1
"unctuous",1
"vigilant",1
"anchors",1
"arbitrary",1
"backwand",1
"barbedwire",1
"calculation",1
"conquests",1
"cpower",1
"cupidity",1
"delimits",1
"delineation",1
"deluding",1
"donethe",1
"drivethrough",1
"enclose",1
"endless",1
"epidity",1
"essay",1
"promiers",1
"rage",1
"sadly",1
"sentimental",1
"sizeable",1
"southwest",1
"spirits",1
"stockade",1
"stripthe",1
"stupidly",1
"sympathyas",1
"terrors",1
"tibet",1
"verbal",1
"wonders",1
"elmi",1
"fareydun",1
"sadri",1
"allocating",1
"ally",1
"auspices",1
"difference",1
"effectiveness",1
"geographically",1
"neighborliness",1
"organisers",1
"originated",1
"peacelovers",1
"pounds",1
"qualify",1
"roles",1
"seaboard",1
"umbrellas",1
"communis",1
"demanding",1
"examiner",1
"excluding",1
"ina",1
"insistent",1
"omission",1
"potentially",1
"propagandists",1
"showing",1
"sounded",1
"tasmania",1
"wheel",1
"admits",1
"buzzing",1
"collection",1
"concert",1
"cooperative",1
"daughterswhose",1
"eased",1
"entertainment",1
"firstclass",1
"fringes",1
"hoping",1
"materially",1
"ness",1
"nuin",1
"paragraphs",1
"picked",1
"pressed",1
"purposeless",1
"quoted",1
"recurring",1
"reliably",1
"revolve",1
"round",1
"scales",1
"school",1
"togethernessand",1
"tokyo",1
"tonight",1
"uncommittedphrase",1
"unofficial",1
"verdict",1
"anachronistic",1
"antichinese",1
"approving",1
"aprils",1
"arealready",1
"avanti",1
"consi",1
"dered",1
"diffident",1
"evaluated",1
"examine",1
"exclude",1
"favourably",1
"feared",1
"howã¨ver",1
"insofar",1
"intermediary",1
"isolate",1
"italy",1
"particulary",1
"presupposition",1
"rejected",1
"rigid",1
"rumours",1
"telaviv",1
"thorough",1
"blindness",1
"devoting",1
"director",1
"fieldmarshal",1
"gazette",1
"haveenough",1
"literary",1
"manocuvres",1
"ofeast",1
"paoshrianon",1
"pinchunhavan",1
"police",1
"amerational",1
"clauses",1
"connot",1
"counterrevolution",1
"criteria",1
"criterion",1
"describe",1
"describes",1
"device",1
"dubious",1
"elephant",1
"exacerbate",1
"fable",1
"foretell",1
"germany",1
"indecision",1
"inso",1
"intelligible",1
"limiting",1
"lippmann",1
"luxury",1
"malady",1
"modification",1
"nonadmission",1
"parliamentary",1
"pescadores",1
"plainer",1
"plainly",1
"push",1
"rational",1
"rearm",1
"revisions",1
"rican",1
"stories",1
"surreptitiously",1
"theshape",1
"treaties",1
"undergoing",1
"viction",1
"vulnerability",1
"vulnerable",1
"withdrawing",1
"workable",1
"argument",1
"bond",1
"boundary",1
"bulk",1
"carefully",1
"combed",1
"distrust",1
"element",1
"emerging",1
"fair",1
"grand",1
"grows",1
"inferior",1
"israck",1
"loses",1
"mandate",1
"montreal",1
"offhand",1
"partitioned",1
"poles",1
"quality",1
"recite",1
"subcontinent",1
"takes",1
"violently",1
"acton",1
"advocacy",1
"broader",1
"burmas",1
"citizen",1
"disposed",1
"dry",1
"favors",1
"inter",1
"nebru",1
"ontawa",1
"populous",1
"powder",1
"predominantly",1
"rejects",1
"ruin",1
"stabilize",1
"acknowledgment",1
"anda",1
"banish",1
"bidden",1
"bids",1
"bind",1
"communities",1
"dependencies",1
"discontent",1
"discontented",1
"englishspeaking",1
"genciation",1
"headquarters",1
"inhabited",1
"invitatons",1
"lower",1
"mail",1
"measuring",1
"plight",1
"pointedly",1
"quipped",1
"rallying",1
"refrained",1
"regimes",1
"respects",1
"scattered",1
"seething",1
"shaky",1
"thedistribution",1
"toronto",1
"tothe",1
"unaccustomed",1
"unaccustomedto",1
"upheaval",1
"woefully",1
"agitation",1
"asoka",1
"assortment",1
"counrepresented",1
"experiare",1
"extraordinary",1
"forefront",1
"hon",1
"liberasuppressed",1
"mentioning",1
"metha",1
"misunderstand",1
"officiallevel",1
"rival",1
"sponsor",1
"structures",1
"subconsciously",1
"unconsciously",1
"canhave",1
"curiosity",1
"displaying",1
"enthuse",1
"examining",1
"halt",1
"hearten",1
"hungarian",1
"indisputably",1
"journals",1
"keynote",1
"lao",1
"lubu",1
"nep",1
"nhandan",1
"polish",1
"possiblities",1
"publicized",1
"signal",1
"sounds",1
"stormy",1
"szabab",1
"trybuna",1
"unqualified",1
"vacillating",1
"victorious",1
"wouldbe",1
"aggravate",1
"alakhbar",1
"attaches",1
"blindfolded",1
"colonel",1
"dent",1
"encroach",1
"gamal",1
"headline",1
"imporis",1
"indepenleader",1
"massacres",1
"mena",1
"partiality",1
"please",1
"rapprochement",1
"stresses",1
"tance",1
"alahram",1
"allied",1
"criticising",1
"diplomatists",1
"efficient",1
"encourages",1
"hington",1
"intelligent",1
"invaluable",1
"reconnect",1
"refrainment",1
"refute",1
"relied",1
"selected",1
"subsequently",1
"wasconference",1
"appoint",1
"arena",1
"burdened",1
"cosponsors",1
"delicate",1
"diplomaticallyqualified",1
"drafted",1
"insist",1
"operates",1
"portfolio",1
"protocolmindedsponsors",1
"shifting",1
"vetoed",1
"bethat",1
"countryheld",1
"definitely",1
"dispatch",1
"dispatched",1
"fortheoming",1
"goodneighbor",1
"hesitant",1
"introduce",1
"investigate",1
"leftist",1
"mainichi",1
"makeup",1
"membered",1
"nucleus",1
"orphan",1
"prospective",1
"reciprocally",1
"rok",1
"shimbun",1
"tobe",1
"utterance",1
"willingly",1
"admiral",1
"advocates",1
"brass",1
"bucharest",1
"candid",1
"commentator",1
"compel",1
"counand",1
"counterposing",1
"dividing",1
"embarrassed",1
"endeavouring",1
"enhance",1
"firstrate",1
"hats",1
"hbomb",1
"hindustan",1
"indignantly",1
"kuangmingjihpao",1
"liberationmovement",1
"loomed",1
"notes",1
"ofthese",1
"radford",1
"receives",1
"retaliating",1
"sambor",1
"scare",1
"socioeconomic",1
"soparticipation",1
"stepping",1
"stimulate",1
"understandably",1
"usmanufactured",1
"washingtons",1
"actionthat",1
"borderline",1
"dagbladet",1
"differentiate",1
"differentiation",1
"disapproval",1
"dissension",1
"illustrated",1
"mammoth",1
"names",1
"noticeably",1
"omitted",1
"query",1
"setback",1
"signatories",1
"svenska",1
"sweden",1
"teeth",1
"undermining",1
"unfavourable",1
"uninvited",1
"arbeiderbladet",1
"britains",1
"canberra",1
"competing",1
"counterbalanced",1
"defended",1
"exposed",1
"imperialistic",1
"interrogation",1
"looser",1
"nerver",1
"oslo",1
"ouarters",1
"seatoconference",1
"seatomembers",1
"spotted",1
"adventures",1
"advise",1
"anthony",1
"arctic",1
"arouse",1
"arrested",1
"assistant",1
"barring",1
"boycot",1
"canalcoursed",1
"champions",1
"charges",1
"circle",1
"cities",1
"civilian",1
"contend",1
"convoked",1
"custody",1
"dag",1
"daughter",1
"dependable",1
"desertion",1
"detroit",1
"dim",1
"disappeared",1
"discourage",1
"disposition",1
"dissipate",1
"diverge",1
"dozen",1
"earths",1
"embroil",1
"emperor",1
"erika",1
"folly",1
"foreseeing",1
"freeing",1
"fumed",1
"generalities",1
"gravest",1
"grumbling",1
"hammarskjold",1
"hint",1
"hopefully",1
"imbecile",1
"indresden",1
"jailed",1
"javanese",1
"kaiser",1
"kaisheks",1
"korean",1
"leads",1
"manilapact",1
"metropolis",1
"mysterious",1
"neutralize",1
"newsweek",1
"noel",1
"nooristown",1
"notorious",1
"onetime",1
"popularizer",1
"preoccupation",1
"prisone",1
"privately",1
"rain",1
"recalled",1
"releasing",1
"robertson",1
"sabotage",1
"sending",1
"slavelabour",1
"sneer",1
"soviets",1
"spies",1
"starks",1
"talent",1
"unhappily",1
"unleashing",1
"verdine",1
"volcanoringed",1
"walkover",1
"wallach",1
"weaning",1
"wilhelm",1
"algerian",1
"ambassadors",1
"announced",1
"consumption",1
"counrecognize",1
"csm",1
"dilemma",1
"drum",1
"emotional",1
"endorsed",1
"evolved",1
"gestures",1
"grouping",1
"initial",1
"khaleq",1
"knack",1
"liberated",1
"marashian",1
"neutralists",1
"occasional",1
"orientation",1
"persuasive",1
"progreat",1
"publicrelations",1
"reunion",1
"revive",1
"similarly",1
"stir",1
"suited",1
"summoned",1
"tendencies",1
"trustees",1
"woo",1
"allinclusive",1
"asserts",1
"centered",1
"conterence",1
"demonstrates",1
"dollars",1
"dulleseisenhower",1
"dump",1
"envisioned",1
"expose",1
"figments",1
"mockery",1
"occured",1
"proposes",1
"recognizes",1
"refuses",1
"slap",1
"stupid",1
"suppose",1
"tackle",1
"token",1
"administrator",1
"barrier",1
"beside",1
"blazing",1
"breadbeating",1
"byword",1
"canals",1
"complemented",1
"cooperating",1
"counteract",1
"crucial",1
"disengagement",1
"enlarged",1
"exotic",1
"foundational",1
"funds",1
"governmental",1
"grants",1
"harold",1
"heat",1
"literacy",1
"masquerading",1
"meddling",1
"purged",1
"reinforced",1
"selfrealization",1
"slender",1
"spends",1
"stassen",1
"steaming",1
"takeover",1
"techniques",1
"temples",1
"titing",1
"tough",1
"truthful",1
"turgid",1
"underpinning",1
"villagelevel",1
"achenese",1
"acid",1
"afternoontea",1
"amidst",1
"anniversary",1
"artery",1
"asien",1
"awak",1
"awoken",1
"axe",1
"balinese",1
"bamboospã©ars",1
"bataks",1
"bears",1
"behoves",1
"beleaguered",1
"besieged",1
"bhinneka",1
"bismillah",1
"blockade",1
"blockaded",1
"bloom",1
"bombers",1
"bondswhich",1
"bounty",1
"brussels",1
"cat",1
"centraljavanese",1
"centralsumatrans",1
"chain",1
"chamber",1
"characters",1
"chasms",1
"christianity",1
"christians",1
"circumnstances",1
"civabuddhists",1
"combinations",1
"compensate",1
"confess",1
"confucianism",1
"consulted",1
"consume",1
"contaminated",1
"corroded",1
"countryside",1
"cri",1
"cry",1
"darkened",1
"darkest",1
"darkness",1
"dawned",1
"dear",1
"debased",1
"deceived",1
"degradation",1
"denies",1
"desmoulins",1
"destroying",1
"diabolical",1
"diminished",1
"diplo",1
"dispersed",1
"disruption",1
"distorted",1
"diveristy",1
"dogs",1
"door",1
"doorstep",1
"dress",1
"drink",1
"drives",1
"dã©tre",1
"eighteenth",1
"enchanced",1
"encounter",1
"engaged",1
"ening",1
"enlightened",1
"erected",1
"escaped",1
"etches",1
"exacted",1
"examples",1
"exiled",1
"expectation",1
"faire",1
"falsify",1
"fifty",1
"flew",1
"flints",1
"foolishly",1
"forerunner",1
"futures",1
"gasps",1
"gibraltar",1
"gladly",1
"grain",1
"grenades",1
"guises",1
"handinhand",1
"hardest",1
"hinduism",1
"historically",1
"houses",1
"humanitys",1
"humiliation",1
"hurricanes",1
"ika",1
"imitation",1
"imperil",1
"impersonal",1
"imprisoned",1
"individuality",1
"indoaryan",1
"indomitable",1
"indulge",1
"inject",1
"inmaterial",1
"intellectually",1
"intself",1
"invincible",1
"irresistible",1
"jainism",1
"jand",1
"jet",1
"journeys",1
"knock",1
"lanka",1
"lash",1
"liberalism",1
"lightning",1
"likelihood",1
"lit",1
"lived",1
"locked",1
"longfellow",1
"loot",1
"macy",1
"madurese",1
"malayans",1
"manifold",1
"marched",1
"marhaenism",1
"maybe",1
"monarchism",1
"mortgaged",1
"moslims",1
"motherland",1
"motifs",1
"multiformity",1
"newlyrecovered",1
"obscured",1
"observance",1
"occupied",1
"ocean",1
"omnipotence",1
"onwards",1
"outstripped",1
"parents",1
"particles",1
"passer",1
"paul",1
"pay",1
"perverted",1
"physically",1
"plague",1
"plants",1
"playthings",1
"poet",1
"poisons",1
"powerpolitics",1
"precedent",1
"probed",1
"proclamation",1
"professing",1
"profit",1
"profitable",1
"propagate",1
"pumped",1
"radiance",1
"reasoned",1
"reassurance",1
"reawakening",1
"records",1
"rehabilitation",1
"rehearsal",1
"released",1
"reluctantly",1
"rescue",1
"revere",1
"revolutions",1
"ride",1
"rifles",1
"rode",1
"sadness",1
"scored",1
"scourges",1
"seas",1
"secrets",1
"serried",1
"seventy",1
"shintoism",1
"sikhism",1
"skilful",1
"skin",1
"slight",1
"smallest",1
"socialism",1
"soothed",1
"sparks",1
"stabilise",1
"straits",1
"stunted",1
"sturm",1
"subordination",1
"suddenly",1
"sundanese",1
"superficially",1
"sweet",1
"sympathise",1
"tanks",1
"terrific",1
"terrificly",1
"thatbattle",1
"theatened",1
"theoracy",1
"thoughtlessly",1
"thousand",1
"toll",1
"toradjas",1
"torn",1
"tortured",1
"torun",1
"tranquillity",1
"tunggal",1
"ultimatum",1
"unconventional",1
"undying",1
"unfriendly",1
"uninhibited",1
"unknown",1
"unsuccessful",1
"unto",1
"upbuilding",1
"variants",1
"walls",1
"warmth",1
"wastage",1
"wecan",1
"whenever",1
"wield",1
"worthwhile",1
"yawn",1
"yeur",1
"younger",1
"zoroastrianism",1
"ã¼ber",1
"abolish",1
"absence",1
"acute",1
"aftermath",1
"agonizing",1
"airaccident",1
"almighty",1
"analysing",1
"antiwestern",1
"apartheidpolicy",1
"apology",1
"associate",1
"atoms",1
"ban",1
"bare",1
"basically",1
"befallen",1
"beforehand",1
"believers",1
"bellum",1
"bogorconference",1
"cast",1
"clothe",1
"colleagues",1
"colourbars",1
"commanding",1
"concentrated",1
"conditio",1
"condolences",1
"conferencehall",1
"conferenceâ€¢",1
"conquest",1
"constituting",1
"contemplation",1
"deace",1
"deeds",1
"destory",1
"deterrent",1
"dictating",1
"dung",1
"electricity",1
"enforce",1
"entrusting",1
"erase",1
"evade",1
"everincreasing",1
"experiencing",1
"families",1
"feed",1
"fettered",1
"flesh",1
"flocked",1
"fourteen",1
"fullscale",1
"fulness",1
"howlet",1
"hundreds",1
"impetus",1
"incident",1
"indispensable",1
"intend",1
"intensions",1
"interregional",1
"intolerance",1
"intricacy",1
"inventions",1
"labelling",1
"layman",1
"literature",1
"longing",1
"low",1
"managed",1
"map",1
"materialize",1
"mechanisation",1
"misinterpretations",1
"misused",1
"morally",1
"neglecting",1
"neverending",1
"ouc",1
"outweighed",1
"overwhelmed",1
"pacem",1
"para",1
"pax",1
"penetrated",1
"phenomenal",1
"platitude",1
"populations",1
"poured",1
"predict",1
"prevalent",1
"proudly",1
"qua",1
"recources",1
"reproach",1
"restrict",1
"romana",1
"rome",1
"scourge",1
"secrecy",1
"selfexpression",1
"sine",1
"sooner",1
"spots",1
"stayed",1
"steam",1
"sticking",1
"stream",1
"thorns",1
"timid",1
"tongues",1
"transition",1
"underdevelopment",1
"unleashed",1
"unmistakable",1
"uttered",1
"vis",1
"welfarestates",1
"welldevised",1
"wording",1
"worldpolitics",1
"africadoes",1
"andbritain",1
"badly",1
"betray",1
"breezes",1
"crumble",1
"diametrically",1
"dropped",1
"explode",1
"fancy",1
"fascism",1
"flames",1
"gossip",1
"heroically",1
"hiroshima",1
"hitlermussolinitojo",1
"honored",1
"instructions",1
"jose",1
"malay",1
"nagasaki",1
"perfected",1
"pikiran",1
"realizes",1
"selfdevelopment",1
"silk",1
"sprinkled",1
"strangle",1
"struggled",1
"surpasses",1
"tree",1
"uninfluenced",1
"universe",1
"waves",1
"whisper",1
"wrapped",1
"wrought",1
"assemblage",1
"associa",1
"graham",1
"preoccupied",1
"reaches",1
"remarked",1
"stretching",1
"anguished",1
"anthills",1
"appearances",1
"attract",1
"bearers",1
"beloved",1
"calming",1
"cobalt",1
"combatants",1
"communistic",1
"complaints",1
"consists",1
"copious",1
"counts",1
"delivers",1
"devices",1
"diario",1
"drive",1
"elucidating",1
"expositions",1
"flock",1
"imprudence",1
"incites",1
"inclines",1
"inthe",1
"jules",1
"lateto",1
"lisbon",1
"lucid",1
"method",1
"organisms",1
"panic",1
"perturbing",1
"portion",1
"possesses",1
"preponderating",1
"primordial",1
"recollections",1
"remonstrances",1
"sauerwein",1
"shallowness",1
"shepherds",1
"spectacular",1
"stained",1
"stemming",1
"strongest",1
"subtle",1
"tempting",1
"terror",1
"thunderbolt",1
"wavering",1
"whirl",1
"accomplishment",1
"beneficient",1
"characterize",1
"consequence",1
"corollary",1
"fostering",1
"nointerference",1
"offspring",1
"practicability",1
"puts",1
"regretting",1
"separating",1
"shared",1
"shatters",1
"typically",1
"abjure",1
"abolishing",1
"abstain",1
"abyss",1
"annihilate",1
"armies",1
"bacteriological",1
"bein",1
"birds",1
"blueprints",1
"briefcases",1
"brink",1
"button",1
"calamitous",1
"chaos",1
"chemical",1
"compassion",1
"converting",1
"critical",1
"deadliest",1
"demon",1
"despair",1
"devolved",1
"dire",1
"distinguishing",1
"eagle",1
"founded",1
"genocide",1
"hagridden",1
"hysteria",1
"inspection",1
"invent",1
"juncture",1
"justly",1
"lapse",1
"limitaton",1
"loss",1
"manufactures",1
"menaced",1
"miscalculation",1
"missing",1
"monsters",1
"plunge",1
"pockets",1
"preatomic",1
"reconstitution",1
"reconstructed",1
"scientists",1
"seriousness",1
"servitude",1
"sleeves",1
"stagnation",1
"supervision",1
"suspects",1
"terrifying",1
"unambiguous",1
"unleash",1
"unquestionably",1
"wartime",1
"weakened",1
"wrangling",1
"yalta",1
"advocate",1
"aggravated",1
"ardently",1
"brutal",1
"cagerly",1
"calamities",1
"causing",1
"condone",1
"conflagrations",1
"cope",1
"curity",1
"decreasing",1
"degraded",1
"dictates",1
"disregard",1
"distressingly",1
"effecting",1
"errors",1
"expelled",1
"fatherland",1
"folowing",1
"friction",1
"game",1
"grip",1
"grounds",1
"hampering",1
"horrifying",1
"immoral",1
"impairs",1
"imported",1
"imposition",1
"inseall",1
"isolating",1
"lagging",1
"lain",1
"nonselfgoverning",1
"person",1
"populace",1
"raising",1
"readjustment",1
"realistically",1
"reformation",1
"replaced",1
"responds",1
"sanction",1
"scientifically",1
"sottow",1
"stakes",1
"stopped",1
"tending",1
"undreamedof",1
"uprooted",1
"utilized",1
"weakening",1
"wisely",1
"advancing",1
"attends",1
"challenging",1
"conquer",1
"consumed",1
"eventful",1
"felicitations",1
"fruit",1
"inability",1
"kwame",1
"newer",1
"receipt",1
"sown",1
"stirs",1
"applicable",1
"benefiting",1
"composing",1
"crumbling",1
"disturb",1
"economics",1
"entrenched",1
"fortify",1
"grace",1
"harmonious",1
"indians",1
"integrated",1
"integration",1
"iraqi",1
"natives",1
"occident",1
"oldtime",1
"orient",1
"rearmament",1
"tween",1
"typical",1
"wellbalanced",1
"administered",1
"cent",1
"closest",1
"comprehension",1
"conciliate",1
"earliest",1
"hour",1
"manifest",1
"merit",1
"ninetyseven",1
"particularist",1
"per",1
"remote",1
"similarity",1
"thepresent",1
"turning",1
"unwavering",1
"abundant",1
"accelerate",1
"affords",1
"amity",1
"annals",1
"attach",1
"attendance",1
"bestow",1
"chastened",1
"costs",1
"damages",1
"dedicated",1
"diet",1
"eminently",1
"enormity",1
"foregoing",1
"handed",1
"ichiro",1
"identical",1
"immutable",1
"kinship",1
"miseries",1
"pioneers",1
"reestablished",1
"spititual",1
"technological",1
"throbs",1
"torchlight",1
"trite",1
"unparalleled",1
"vastly",1
"afternoon",1
"efficiently",1
"headings",1
"meets",1
"alters",1
"bandunga",1
"certitude",1
"convictions",1
"impera",1
"impossibility",1
"loath",1
"nine",1
"nonafrican",1
"similarities",1
"testify",1
"utilise",1
"vain",1
"confronts",1
"fierce",1
"lessened",1
"participant",1
"resulitions",1
"saturday",1
"springboard",1
"worded",1
"advantages",1
"agitational",1
"assessment",1
"asthe",1
"automatically",1
"clearing",1
"comprehensive",1
"designed",1
"deteriorate",1
"disputed",1
"doubtful",1
"ganging",1
"identify",1
"includecummunist",1
"mecting",1
"modify",1
"nonaligned",1
"nonneutral",1
"objectionable",1
"profitless",1
"reversal",1
"season",1
"sudden",1
"surveyer",1
"uncritical",1
"unobjectionable",1
"ventilation",1
"victories",1
"capitalist",1
"capitalistic",1
"divorced",1
"furnish",1
"graces",1
"insinuate",1
"jeopardizing",1
"neighborhood",1
"preeminence",1
"preferred",1
"puppet",1
"youngsters",1
"catastrophe",1
"crashing",1
"ears",1
"guilty",1
"herring",1
"inference",1
"labor",1
"policymaker",1
"whit",1
"accordingly",1
"announcing",1
"asiaparley",1
"breath",1
"dedication",1
"fascinating",1
"footing",1
"gendarme",1
"iceberg",1
"indicated",1
"liking",1
"necks",1
"noted",1
"originally",1
"outline",1
"pacific",1
"peiping",1
"peipings",1
"piece",1
"pile",1
"preconference",1
"responsiblities",1
"revolved",1
"safely",1
"semantically",1
"sharing",1
"thwart",1
"transmit",1
"trip",1
"undertake",1
"wolf",1
"administratio",1
"adopting",1
"affront",1
"assuredly",1
"chenglock",1
"clearest",1
"couched",1
"coun",1
"courteous",1
"dominance",1
"donors",1
"febr",1
"ignoring",1
"implicit",1
"intangibleidea",1
"involvement",1
"lenders",1
"lnid",1
"malayan",1
"marshall",1
"noticeable",1
"obligatory",1
"purview",1
"questionable",1
"rahman",1
"rivalries",1
"shortly",1
"surest",1
"tan",1
"trems",1
"tunku",1
"undermines",1
"unencumbered",1
"unwieldy",1
"cross",1
"elation",1
"falter",1
"infuse",1
"justified",1
"mercies",1
"panacea",1
"rebuild",1
"requirement",1
"undisturbed",1
"write",1
"ameliorate",1
"appease",1
"chauvinism",1
"clothing",1
"differentiates",1
"enterprise",1
"imbued",1
"insure",1
"linked",1
"lodging",1
"nourished",1
"overpushed",1
"passions",1
"permanently",1
"proportional",1
"bounds",1
"calculated",1
"carths",1
"clamour",1
"clime",1
"commendable",1
"contrariwise",1
"delegated",1
"deprivation",1
"detract",1
"evolution",1
"gaps",1
"lofty",1
"meaningfulness",1
"notions",1
"oldest",1
"preconceived",1
"religon",1
"tendency",1
"toplevel",1
"tubman",1
"undermine",1
"unsympathetic",1
"colossal",1
"disadvantages",1
"embodies",1
"fraternity",1
"libyan",1
"offence",1
"repression",1
"secretly",1
"slow",1
"admitting",1
"anachronism",1
"banished",1
"breed",1
"broadbased",1
"coexist",1
"complacent",1
"corrode",1
"corrupt",1
"dispel",1
"esteem",1
"fabric",1
"fortunes",1
"groaning",1
"guise",1
"hell",1
"inadequately",1
"intensify",1
"lip",1
"masquerades",1
"mediation",1
"pays",1
"remove",1
"securely",1
"selfdefence",1
"university",1
"balanced",1
"climate",1
"coherence",1
"confront",1
"contending",1
"cutsand",1
"decisious",1
"decisively",1
"disagree",1
"drunken",1
"grapple",1
"heaviest",1
"illustrates",1
"indepence",1
"industrialize",1
"irmove",1
"lowliest",1
"manners",1
"meak",1
"nonwestern",1
"partly",1
"product",1
"profoundly",1
"racism",1
"racist",1
"ruled",1
"savagery",1
"scholarship",1
"sorts",1
"sot",1
"squarely",1
"staggering",1
"suffices",1
"survives",1
"survivors",1
"tate",1
"technologically",1
"thegreat",1
"touchstone",1
"transformation",1
"transforming",1
"turns",1
"alarming",1
"arrest",1
"captured",1
"capturing",1
"catastrophic",1
"civilized",1
"decrees",1
"deposed",1
"disappointment",1
"distressing",1
"dreadful",1
"dynasties",1
"exposes",1
"fallacy",1
"fuel",1
"gates",1
"heap",1
"integral",1
"legacy",1
"liable",1
"lingering",1
"monarch",1
"nonexistence",1
"oratory",1
"outpost",1
"pocket",1
"recurrence",1
"strategic",1
"substitute",1
"sweat",1
"unavoidable",1
"vanished",1
"vanquished",1
"victors",1
"conforms",1
"disappoint",1
"plays",1
"aziz",1
"bin",1
"bombay",1
"contributor",1
"counterdefence",1
"dreamt",1
"edge",1
"educate",1
"fundamentals",1
"gigantic",1
"king",1
"materialised",1
"meanest",1
"occupy",1
"provoke",1
"rafiq",1
"relish",1
"sacrificing",1
"saud",1
"specially",1
"stone",1
"strategically",1
"tackled",1
"thirties",1
"unitedly",1
"unturned",1
"wherefores",1
"whys",1
"zakaria",1
"antiamerican",1
"atthe",1
"attractive",1
"axis",1
"chi",1
"cosmic",1
"developedin",1
"donald",1
"econoour",1
"figure",1
"gamel",1
"louis",1
"magsaysay",1
"mic",1
"minh",1
"modernize",1
"morass",1
"moscowpeiping",1
"outright",1
"postdispatch",1
"raises",1
"ramon",1
"recommending",1
"romulos",1
"sliding",1
"strongarm",1
"successfull",1
"vietminhs",1
"abbreviated",1
"accustomed",1
"airplane",1
"ascertained",1
"categories",1
"confusing",1
"contrasting",1
"debating",1
"differing",1
"distinct",1
"doesnt",1
"expedient",1
"extinct",1
"floor",1
"inconsequential",1
"instinct",1
"kicking",1
"mely",1
"naground",1
"nction",1
"neanderthal",1
"overlooks",1
"piltdown",1
"premise",1
"pretty",1
"radiocasts",1
"skimpy",1
"coercion",1
"commercial",1
"deprive",1
"ecquainted",1
"essentiality",1
"findings",1
"hardships",1
"privation",1
"producers",1
"reminding",1
"ridiculous",1
"spare",1
"trusting",1
"unrealized",1
"worldwide",1
"abundantly",1
"augment",1
"breaks",1
"breathing",1
"circulated",1
"conditional",1
"coverage",1
"difof",1
"endear",1
"exercising",1
"factual",1
"ficulties",1
"fraternal",1
"generic",1
"henceforth",1
"honest",1
"illfeeling",1
"illuminated",1
"lots",1
"marry",1
"mature",1
"medium",1
"narrowing",1
"overstress",1
"panicstricken",1
"scholastic",1
"space",1
"theories",1
"traffic",1
"treasures",1
"virtue",1
"agelong",1
"approaching",1
"asquainted",1
"christianty",1
"explicitly",1
"inadmissible",1
"ingrained",1
"prelude",1
"regained",1
"upholds",1
"alert",1
"appropriately",1
"balkan",1
"benevolent",1
"bestowed",1
"blessings",1
"cede",1
"cited",1
"clouded",1
"entertained",1
"incompatible",1
"moved",1
"perilous",1
"rostrum",1
"shutting",1
"turkishiraqi",1
"turkishpakistani",1
"unleasing",1
"wellmeaning",1
"citizens",1
"cloth",1
"color",1
"construction",1
"consumer",1
"cotton",1
"curbed",1
"distributed",1
"encroachment",1
"endeavours",1
"environment",1
"exceeded",1
"faithfully",1
"fiveyear",1
"grains",1
"idustrialized",1
"industrialized",1
"iranian",1
"iron",1
"liberate",1
"maltreatment",1
"merits",1
"nesessary",1
"normalization",1
"obstruction",1
"parliaments",1
"persecution",1
"petroleum",1
"producer",1
"prolonged",1
"rehabilitated",1
"righteous",1
"ruined",1
"steel",1
"strict",1
"striving",1
"vary",1
"zone",1
"admit",1
"atheists",1
"bamboo",1
"border",1
"buddhists",1
"chuang",1
"criticisms",1
"curtain",1
"eamam",1
"forty",1
"milion",1
"natonalities",1
"pious",1
"protestants",1
"publicize",1
"remnant",1
"scores",1
"shan",1
"smokescreen",1
"someone",1
"subvert",1
"supplementary",1
"tens",1
"unfair",1
"ancestors",1
"attachment",1
"clarify",1
"dearly",1
"deem",1
"devotion",1
"dictatorial",1
"emigrated",1
"ernment",1
"evidences",1
"exhibit",1
"fasten",1
"govhere",1
"native",1
"numberless",1
"opponents",1
"partition",1
"pretext",1
"protestations",1
"refusing",1
"respecting",1
"southward",1
"spontaneously",1
"tombs",1
"villages",1
"violate",1
"wanting",1
"advocated",1
"antidutch",1
"asleep",1
"betterus",1
"blinded",1
"branded",1
"bread",1
"challenges",1
"chest",1
"couldnt",1
"durdins",1
"editorials",1
"emphatic",1
"entiled",1
"expanding",1
"father",1
"feet",1
"havenots",1
"inan",1
"irritants",1
"irritated",1
"kudos",1
"losers",1
"magazine",1
"matsu",1
"mutually",1
"passionate",1
"peggy",1
"promised",1
"promising",1
"propositions",1
"quemoy",1
"residuary",1
"saved",1
"secondary",1
"somebodys",1
"soundingboard",1
"speculated",1
"striven",1
"tillman",1
"underline",1
"uniformity",1
"upheavals",1
"wã¡s",1
"governor",1
"relationships",1
"replied",1
"november",1
"abandon",1
"absolutely",1
"approve",1
"boldly",1
"businesses",1
"cachalia",1
"citizenship",1
"commerce",1
"comports",1
"comprise",1
"countrys",1
"cowed",1
"criminal",1
"democraticminded",1
"discriminated",1
"elizabeth",1
"endure",1
"expropriation",1
"fashion",1
"fat",1
"fceling",1
"fertile",1
"forestaste",1
"handicap",1
"humiliated",1
"humiliating",1
"illtreatment",1
"inhuman",1
"injustices",1
"insulted",1
"internationally",1
"killed",1
"kotane",1
"lawabiding",1
"liquor",1
"locations",1
"malanstrijdom",1
"minerals",1
"moses",1
"nonracial",1
"occupations",1
"overawed",1
"passively",1
"policeslavestate",1
"port",1
"prohibited",1
"restriction",1
"riots",1
"ruthlessly",1
"shameless",1
"shamelessly",1
"shocking",1
"silently",1
"socially",1
"starved",1
"stepmotherly",1
"straining",1
"sullen",1
"taxed",1
"thein",1
"theunited",1
"trades",1
"unhealthy",1
"unjust",1
"urban",1
"wages",1
"wellwatered",1
"worldinspiring",1
"worship",1
"wounded",1
"baguio",1
"churches",1
"covered",1
"formally",1
"multiplying",1
"nonparty",1
"occasions",1
"platforms",1
"section",1
"analyse",1
"appeciation",1
"attacking",1
"experiences",1
"fighters",1
"figthing",1
"file",1
"frozen",1
"hungary",1
"isa",1
"landforces",1
"launch",1
"leninmarxism",1
"meant",1
"mercy",1
"naive",1
"nationattendant",1
"needy",1
"replace",1
"restored",1
"sample",1
"shapes",1
"threefifths",1
"turbulent",1
"unexperienced",1
"upsets",1
"weltanschauung",1
"boast",1
"boasted",1
"creatures",1
"gods",1
"orders",1
"absurdly",1
"antiwerternism",1
"beat",1
"billed",1
"bogota",1
"bonded",1
"branding",1
"censored",1
"chat",1
"clearsighted",1
"collectivbottleneck",1
"concealing",1
"congresses",1
"creations",1
"defencive",1
"definable",1
"denuncations",1
"descend",1
"devour",1
"disorders",1
"distances",1
"drastically",1
"endangered",1
"failures",1
"fearing",1
"fences",1
"flower",1
"garden",1
"grudge",1
"harps",1
"inauspicious",1
"inchoate",1
"industrialization",1
"insufficient",1
"inveighing",1
"ironic",1
"ization",1
"kang",1
"kao",1
"kuo",1
"labelled",1
"lacking",1
"links",1
"loosen",1
"lowest",1
"machine",1
"mouthpiece",1
"noncommunistis",1
"noting",1
"oblique",1
"oblivious",1
"outmoded",1
"painting",1
"panamerican",1
"performer",1
"portugese",1
"propitiate",1
"purse",1
"rash",1
"rhetoric",1
"rift",1
"segregated",1
"sheer",1
"smiles",1
"staged",1
"strictures",1
"strings",1
"suit",1
"sympathizers",1
"traditionally",1
"unattached",1
"unlike",1
"vassal",1
"warmup",1
"welter",1
"yearning",1
"excellencys",1
"prevails",1
"administering",1
"arrests",1
"aspired",1
"burying",1
"cypriot",1
"demonstrations",1
"demonstrators",1
"easternmost",1
"firing",1
"flight",1
"fraught",1
"imprisonments",1
"inserted",1
"percent",1
"refuge",1
"treating",1
"unaltered",1
"unheeded",1
"unjustified",1
"bred",1
"charge",1
"educated",1
"immaturity",1
"manage",1
"moments",1
"tribulation",1
"universities",1
"venue",1
"blown",1
"bombardments",1
"calibre",1
"complementary",1
"containedan",1
"devoid",1
"exploded",1
"flow",1
"forever",1
"formulating",1
"gunpowder",1
"henceforward",1
"indication",1
"medan",1
"normalising",1
"patriot",1
"pewarta",1
"piles",1
"rapid",1
"refreshing",1
"ruins",1
"speechof",1
"sumatra",1
"supremacy",1
"surabaja",1
"undeniable",1
"addressed",1
"alternatively",1
"americaneuropean",1
"anticoloniallam",1
"appearing",1
"base",1
"bedevilled",1
"befell",1
"belleven",1
"birmingham",1
"bitterly",1
"bourgeois",1
"cable",1
"colonisers",1
"conjecture",1
"construct",1
"conte",1
"coup",1
"ders",1
"diminishes",1
"disliked",1
"dismissed",1
"dupes",1
"employ",1
"establishes",1
"fill",1
"gaiety",1
"gift",1
"gifts",1
"glasgow",1
"golden",1
"harness",1
"hints",1
"inte",1
"intensely",1
"islands",1
"lal",1
"lays",1
"mediator",1
"minishes",1
"misdeeds",1
"mouth",1
"naval",1
"nilly",1
"novelty",1
"obstruct",1
"offshore",1
"owes",1
"parley",1
"perform",1
"plot",1
"portant",1
"prophet",1
"reform",1
"relaxed",1
"reminiscent",1
"rub",1
"sensing",1
"shoul",1
"soil",1
"southeastasia",1
"split",1
"steer",1
"stemmed",1
"strangely",1
"straw",1
"subscribed",1
"tables",1
"tact",1
"theatre",1
"thedrum",1
"tinents",1
"tone",1
"troy",1
"vacuum",1
"warlike",1
"willy",1
"worked",1
"abandoning",1
"acknowledge",1
"agent",1
"allout",1
"anti",1
"antiwar",1
"applaud",1
"arenow",1
"aretougher",1
"ascribed",1
"asiaand",1
"bland",1
"bloe",1
"bolster",1
"branch",1
"bromides",1
"center",1
"collect",1
"commillion",1
"company",1
"consistent",1
"cordon",1
"court",1
"crop",1
"crouched",1
"customers",1
"denunciations",1
"dispels",1
"dividends",1
"doom",1
"doubled",1
"drift",1
"emphasising",1
"enslaved",1
"eventa",1
"fanfare",1
"fellowtravellers",1
"forcing",1
"fourth",1
"fraudulent",1
"greeted",1
"grent",1
"hail",1
"hankered",1
"heirs",1
"highlighted",1
"highminded",1
"historie",1
"hit",1
"humphrey",1
"ifthey",1
"implore",1
"int",1
"juicy",1
"kai",1
"lat",1
"laugh",1
"launched",1
"leypt",1
"liberality",1
"lighting",1
"lowly",1
"makers",1
"marshalled",1
"mistake",1
"monolithic",1
"movies",1
"neck",1
"nehruu",1
"niggling",1
"numay",1
"philippinesthailandor",1
"philosohical",1
"platitudes",1
"preening",1
"presume",1
"promises",1
"reassuring",1
"recognises",1
"remind",1
"renunciations",1
"resisting",1
"resurgent",1
"risk",1
"roughly",1
"sanity",1
"satellites",1
"scht",1
"screen",1
"scrutiny",1
"sell",1
"shek",1
"ship",1
"sleeper",1
"slim",1
"solo",1
"straightfaced",1
"talking",1
"troop",1
"vanity",1
"wain",1
"warns",1
"whittled",1
"wolves",1
"courageously",1
"facilitates",1
"junior",1
"partners",1
"pastukhov",1
"submissively",1
"unawares",1
"unbridjed",1
"usas",1
"adopts",1
"bares",1
"bars",1
"beginnings",1
"bridge",1
"builder",1
"demonstation",1
"directing",1
"dissonant",1
"douglas",1
"emery",1
"hotchpotch",1
"influenced",1
"melbourne",1
"milestones",1
"partys",1
"phases",1
"qualification",1
"register",1
"sidney",1
"stirrings",1
"subordinate",1
"treat",1
"wilkie",1
"acquiring",1
"acquisition",1
"aden",1
"advisory",1
"affirming",1
"allocation",1
"applauded",1
"arrange",1
"bank",1
"banks",1
"businessmen",1
"commodities",1
"companies",1
"constitutes",1
"cooperatian",1
"corportion",1
"correlative",1
"courageous",1
"detriment",1
"emphasized",1
"enjoyment",1
"enlarging",1
"equitable",1
"equity",1
"executive",1
"exerting",1
"falling",1
"finance",1
"fund",1
"granted",1
"greatreligions",1
"guard",1
"hampers",1
"ili",1
"impediment",1
"importing",1
"institutes",1
"insurance",1
"interrupted",1
"judicial",1
"keen",1
"liason",1
"ments",1
"nominated",1
"officers",1
"pakistani",1
"payments",1
"persisting",1
"pilot",1
"prices",1
"processing",1
"projects",1
"protectorates",1
"railway",1
"refraining",1
"relation",1
"remittance",1
"rivalry",1
"samples",1
"suppresses",1
"suspend",1
"sustain",1
"taxation",1
"thereafter",1
"trace",1
"trainces",1
"trainees",1
"universality",1
"unsettled",1
"acquaintance",1
"admirably",1
"angles",1
"anyone",1
"applying",1
"chair",1
"chairmen",1
"convincingly",1
"craves",1
"deemed",1
"discharge",1
"drafting",1
"estimate",1
"flexibly",1
"frame",1
"friendships",1
"fufil",1
"gratifying",1
"laurels",1
"memorandum",1
"minutes",1
"preparing",1
"smooth",1
"worldtension",1
"accommodation",1
"adoption",1
"aided",1
"aprilmay",1
"arrival",1
"buildings",1
"chinaindonesia",1
"christened",1
"comparisons",1
"contradiction",1
"decked",1
"excitement",1
"forcibly",1
"friday",1
"hectic",1
"heed",1
"intense",1
"justification",1
"lasted",1
"lined",1
"misreading",1
"newlyelected",1
"notable",1
"partisan",1
"pessimism",1
"plenary",1
"predicted",1
"queries",1
"reflection",1
"remark",1
"remarkably",1
"reportedly",1
"reporting",1
"ridiculed",1
"roads",1
"satisfac",1
"scepticism",1
"shamed",1
"stimulated",1
"struck",1
"tensible",1
"transport",1
"undisclosed",1
"voting",1
"walked",1
"wellknownfive",1
"relieve",1
"adlai",1
"banning",1
"catastrophes",1
"colonised",1
"controversies",1
"coping",1
"depict",1
"hereditary",1
"languange",1
"nonetheless",1
"stevenson",1
"suara",1
"sung",1
"termed",1
"thien",1
"vein",1
"yit",1
"accretions",1
"allegiances",1
"anc",1
"antiamericanpresident",1
"antiwesternism",1
"cameron",1
"chronicle",1
"dependence",1
"distract",1
"exhilaration",1
"incalculably",1
"industrialised",1
"introductions",1
"iraqis",1
"james",1
"nonresistance",1
"overridden",1
"pakistanis",1
"remarking",1
"sce",1
"selfconsious",1
"shattered",1
"shifted",1
"sukarnos",1
"supertension",1
"sweating",1
"technically",1
"wonder",1
"anyones",1
"depart",1
"deserves",1
"impartiality",1
"presided",1
"adjustments",1
"appearance",1
"bidding",1
"charming",1
"cheers",1
"convenience",1
"draws",1
"earthshaking",1
"eloquent",1
"enumerate",1
"erudition",1
"excellence",1
"execution",1
"finish",1
"heartwarming",1
"impartial",1
"lavish",1
"lining",1
"magnitude",1
"net",1
"onerous",1
"perseverance",1
"planet",1
"recollection",1
"respond",1
"run",1
"safe",1
"shal",1
"size",1
"smiling",1
"smoothness",1
"statesmanlike",1
"tended",1
"theoretical",1
"tribute",1
"underlie",1
"waithayakon",1
"bon",1
"conducting",1
"frequent",1
"guaranteed",1
"journey",1
"liberating",1
"reflected",1
"shake",1
"voyage",1
"appreciative",1
"dissensions",1
"masterful",1
"preceded",1
"agents",1
"angle",1
"centre",1
"chariot",1
"conciously",1
"conferred",1
"copies",1
"draft",1
"equals",1
"fade",1
"faults",1
"focal",1
"habit",1
"horrible",1
"insignificance",1
"intelligentdirection",1
"irrepressible",1
"levelled",1
"nearer",1
"obey",1
"overboard",1
"overtook",1
"pales",1
"passion",1
"patently",1
"persuasions",1
"prejudices",1
"sayor",1
"selfreliance",1
"slaves",1
"submissive",1
"submissiveness",1
"tie",1
"toleration",1
"unconciously",1
"urges",1
"wheels",1
"whichever",1
"adapt",1
"avoidance",1
"battleground",1
"constructively",1
"cultivate",1
"detre",1
"doublenationality",1
"gioval",1
"harmonisation",1
"interpreting",1
"irresistable",1
"isay",1
"longstanding",1
"optimistic",1
"ourseives",1
"ourselvers",1
"passing",1
"precision",1
"registered",1
"reparations",1
"resulted",1
"resumed",1
"revoir",1
"supreme",1
"tributing",1
"wholehearted",1
"bright",1
"brightest",1
"cries",1
"deepest",1
"eagerto",1
"fantastic",1
"features",1
"fifteen",1
"frail",1
"gradual",1
"green",1
"hindered",1
"insisting",1
"magnificent",1
"morrows",1
"organizers",1
"page",1
"proclaiming",1
"quickest",1
"succesfully",1
"symbolizes",1
"tyranny",1
"underestimate",1
"aarafu",1
"akramakum",1
"aleemun",1
"alnaakum",1
"arabsof",1
"atqaakum",1
"ayuhannasu",1
"befriend",1
"broadened",1
"esteemed",1
"female",1
"fortified",1
"fortifies",1
"futile",1
"gabaila",1
"heartily",1
"indallahi",1
"initiating",1
"inna",1
"innaa",1
"innallaha",1
"khabeerun",1
"khalaknakum",1
"lita",1
"male",1
"philosophies",1
"shu",1
"subjugated",1
"thakarin",1
"thoroughness",1
"tribes",1
"uban",1
"untha",1
"amicably",1
"fellowship",1
"organising",1
"superb",1
"tender",1
"ushers",1
"continuous",1
"keenest",1
"lovely",1
"picturesque",1
"regulations",1
"agreeable",1
"closes",1
"regularised",1
"africas",1
"appreciakind",1
"concentrating",1
"empires",1
"fleets",1
"harbour",1
"illfeelings",1
"immaterial",1
"kings",1
"searching",1
"shri",1
"associates",1
"belonging",1
"burning",1
"counsels",1
"debt",1
"enriching",1
"inclusive",1
"involving",1
"observation",1
"overtake",1
"restitution",1
"topranking",1
"undertook",1
"valedictory",1
"ventured",1
"warn",1
"willbeing",1
"abstentions",1
"accident",1
"allowance",1
"amazingly",1
"book",1
"celebrated",1
"correspondents",1
"createnot",1
"defeated",1
"deferred",1
"demolish",1
"depth",1
"erratic",1
"fast",1
"filipino",1
"finely",1
"fulfilling",1
"gandhi",1
"heartbreak",1
"hurt",1
"lahat",1
"mahatma",1
"merefer",1
"misleading",1
"momentary",1
"paalam",1
"paralyzed",1
"petty",1
"pronouncement",1
"pulsebeat",1
"related",1
"returns",1
"sainyon",1
"station",1
"teachings",1
"vagaries",1
"vibrant",1
"vivalues",1
"conveyed",1
"disheartened",1
"estabish",1
"fervently",1
"focused",1
"intricate",1
"maiden",1
"motion",1
"pains",1
"passes",1
"polished",1
"speaker",1
"thesponsoring",1
"accredited",1
"amen",1
"assemble",1
"banners",1
"boldness",1
"breadth",1
"coincidence",1
"dispiriting",1
"dissented",1
"dissenting",1
"distress",1
"ditch",1
"egoism",1
"fellowbeings",1
"jails",1
"length",1
"messengers",1
"mix",1
"pool",1
"prophets",1
"recommends",1
"relentless",1
"saddening",1
"seated",1
"servant",1
"successors",1
"troughout",1
"unceasing",1
"unequivocation",1
"vestige",1
"additional",1
"attacked",1
"aversion",1
"brother",1
"classical",1
"confirmed",1
"continual",1
"conveying",1
"desirefor",1
"doctrines",1
"dwelt",1
"exented",1
"graciously",1
"linking",1
"pleased",1
"practiced",1
"rendered",1
"resound",1
"summing",1
"talents",1
"terminated",1
"turkish",1
"vastness",1
"connected",1
"consolidate",1
"consolidation",1
"demarcation",1
"ding",1
"extends",1
"grieved",1
"loyally",1
"manifested",1
"rely",1
"reunification",1
"sensed",1
"souls",1
"temporary",1
"understanconciliatory",1
"assisted",1
"comforted",1
"simplification",1
"soekarno",1
"temptation",1
"extensively",1
"hatta",1
"reaffirm",1
"twoday",1
"affirm",1
"affixed",1
"appointed",1
"beingequally",1
"beneficent",1
"betcountries",1
"brotherliness",1
"communicated",1
"consonance",1
"constitutional",1
"criminals",1
"custom",1
"duplicate",1
"exemptions",1
"extradition",1
"failing",1
"formutual",1
"iii",1
"immunities",1
"kabul",1
"merciful",1
"perpetual",1
"perpetuating",1
"procedures",1
"ratified",1
"reserve",1
"seals",1
"stengthening",1
"texts",1
"thereto",1
"valid",1
"ween",1
"belittled",1
"carthe",1
"conciliatory",1
"cynics",1
"drawback",1
"heartening",1
"initiators",1
"leitmotiv",1
"masterpiece",1
"motive",1
"occurred",1
"oppressors",1
"practicing",1
"ried",1
"selfdeterminationresolution",1
"sidelines",1
"stipulated",1
"suspension",1
"twothird",1
"unthinkable",1
"affiliations",1
"alis",1
"angloamerican",1
"animates",1
"arose",1
"attributed",1
"barbarism",1
"blocks",1
"bottom",1
"cambodian",1
"cemented",1
"classed",1
"consequent",1
"criticised",1
"cropped",1
"deploring",1
"destined",1
"difficulty",1
"display",1
"dã©legation",1
"equivocation",1
"exposing",1
"extraneous",1
"forging",1
"forgot",1
"forthright",1
"frances",1
"fullblooded",1
"functioning",1
"furnished",1
"gamut",1
"identifying",1
"impulse",1
"inhabit",1
"invidual",1
"lahore",1
"lastly",1
"lobby",1
"metropolitan",1
"misery",1
"obtaining",1
"occupation",1
"onto",1
"overthe",1
"pave",1
"pulls",1
"reaffirming",1
"resign",1
"separately",1
"strengthened",1
"struggles",1
"successively",1
"symbolise",1
"teeming",1
"unanimityunder",1
"unequal",1
"vacillation",1
"watering",1
"abuse",1
"accentuated",1
"accord",1
"afforded",1
"ameable",1
"animosities",1
"colonizing",1
"consisted",1
"countenanced",1
"credited",1
"deliberately",1
"deserve",1
"disregarded",1
"doubted",1
"explo",1
"generated",1
"gravely",1
"halfaworld",1
"heeded",1
"heretofore",1
"incontrovertible",1
"interhemispheric",1
"laborious",1
"latent",1
"lone",1
"maturity",1
"mobilized",1
"overcoming",1
"prouder",1
"remedies",1
"sometime",1
"spark",1
"stopsign",1
"submerged",1
"vigor",1
"wields",1
"accounts",1
"affable",1
"approachable",1
"appropriated",1
"bargain",1
"bewitched",1
"blandness",1
"brushes",1
"businesslike",1
"calamity",1
"compelling",1
"conventions",1
"countered",1
"cryptically",1
"demeanour",1
"deny",1
"derision",1
"disseminated",1
"distracted",1
"ethnarch",1
"exciting",1
"exmufti",1
"freer",1
"garments",1
"groupings",1
"grown",1
"halls",1
"haphazard",1
"instituation",1
"intimate",1
"jeopardised",1
"jerusalem",1
"lot",1
"manipulating",1
"mediate",1
"misconceptions",1
"nai",1
"noise",1
"overlayed",1
"pattern",1
"pity",1
"premature",1
"pridi",1
"propounded",1
"publication",1
"recruiting",1
"regulating",1
"retorting",1
"risen",1
"rolled",1
"scarcely",1
"shih",1
"signify",1
"sinister",1
"sink",1
"skilfully",1
"smoke",1
"sophistries",1
"spirited",1
"stake",1
"startling",1
"striking",1
"suggests",1
"tacked",1
"tidy",1
"timelimit",1
"transactions",1
"tropical",1
"usefully",1
"yunnan",1
"blows",1
"characteristic",1
"dictations",1
"greet",1
"lessen",1
"overestimate",1
"thats",1
"aiding",1
"conand",1
"condemn",1
"distaste",1
"eisenhowers",1
"financially",1
"mobilizing",1
"pleasing",1
"powells",1
"rally",1
"relieved",1
"rested",1
"sequently",1
"stamp",1
"stateof",1
"target",1
"tinted",1
"warned",1
"antipathy",1
"bast",1
"blanketed",1
"burton",1
"canbera",1
"emancipated",1
"engulfing",1
"firmer",1
"passages",1
"postwar",1
"precipitous",1
"reminder",1
"resists",1
"rhee",1
"shaped",1
"stillborn",1
"stocktaking",1
"unasian",1
"unnecessarily",1
